id,start,end,label,category,region,certainty,uncertainty,source,link
gvp-10026,2500 BC,,Campi Flegrei eruption (VEI 4),nature,EUROPE,approx,,"Global Volcanism Program, Volcanoes of the World, Smithsonian Institution",https://volcano.si.edu/volcano.cfm?vn=211010
gvp-10033,2150 BC,,Campi Flegrei eruption (VEI 5),nature,EUROPE,approx,500,"Global Volcanism Program, Volcanoes of the World, Smithsonian Institution",https://volcano.si.edu/volcano.cfm?vn=211010
gvp-10036,2000 BC,,Campi Flegrei eruption (VEI 4),nature,EUROPE,approx,150,"Global Volcanism Program, Volcanoes of the World, Smithsonian Institution",https://volcano.si.edu/volcano.cfm?vn=211010
gvp-10037,1870 BC,,Campi Flegrei eruption (VEI 4),nature,EUROPE,approx,50,"Global Volcanism Program, Volcanoes of the World, Smithsonian Institution",https://volcano.si.edu/volcano.cfm?vn=211010
gvp-10038,1650 BC,,Campi Flegrei eruption (VEI 4),nature,EUROPE,approx,,"Global Volcanism Program, Volcanoes of the World, Smithsonian Institution",https://volcano.si.edu/volcano.cfm?vn=211010
gvp-10043,2420 BC,,Vesuvius eruption (VEI 5),nature,EUROPE,approx,40,"Global Volcanism Program, Volcanoes of the World, Smithsonian Institution",https://volcano.si.edu/volcano.cfm?vn=211020
gvp-10045,1550 BC,,Vesuvius eruption (VEI 4),nature,EUROPE,approx,75,"Global Volcanism Program, Volcanoes of the World, Smithsonian Institution",https://volcano.si.edu/volcano.cfm?vn=211020
gvp-10046,1430 BC,,Vesuvius eruption (VEI 4),nature,EUROPE,approx,300,"Global Volcanism Program, Volcanoes of the World, Smithsonian Institution",https://volcano.si.edu/volcano.cfm?vn=211020
gvp-10047,880 BC,,Vesuvius eruption (VEI 4),nature,EUROPE,approx,50,"Global Volcanism Program, Volcanoes of the World, Smithsonian Institution",https://volcano.si.edu/volcano.cfm?vn=211020
gvp-10052,203,,Vesuvius eruption (VEI 4),nature,EUROPE,approx,,"Global Volcanism Program, Volcanoes of the World, Smithsonian Institution",https://volcano.si.edu/volcano.cfm?vn=211020
gvp-10060,1790-11,,Kilauea eruption (VEI 4),nature,AMERICAS,year,,"Global Volcanism Program, Volcanoes of the World, Smithsonian Institution",https://volcano.si.edu/volcano.cfm?vn=332010
gvp-10380,930,,Ceboruco eruption (VEI 6),nature,AMERICAS,approx,200,"Global Volcanism Program, Volcanoes of the World, Smithsonian Institution",https://volcano.si.edu/volcano.cfm?vn=341030
gvp-10399,2370 BC,,Colima eruption (VEI 4),nature,AMERICAS,approx,150,"Global Volcanism Program, Volcanoes of the World, Smithsonian Institution",https://volcano.si.edu/volcano.cfm?vn=341040
gvp-10414,1585-01-10,,Colima eruption (VEI 4),nature,AMERICAS,exact,,"Global Volcanism Program, Volcanoes of the World, Smithsonian Institution",https://volcano.si.edu/volcano.cfm?vn=341040
gvp-10417,1606-11-25,1606-12-13,Colima eruption (VEI 4),nature,AMERICAS,exact,,"Global Volcanism Program, Volcanoes of the World, Smithsonian Institution",https://volcano.si.edu/volcano.cfm?vn=341040
gvp-10419,1622-06-08,1622-06-09,Colima eruption (VEI 4),nature,AMERICAS,exact,,"Global Volcanism Program, Volcanoes of the World, Smithsonian Institution",https://volcano.si.edu/volcano.cfm?vn=341040
gvp-10436,1818-02-15,1818-02-16,Colima eruption (VEI 4),nature,AMERICAS,exact,,"Global Volcanism Program, Volcanoes of the World, Smithsonian Institution",https://volcano.si.edu/volcano.cfm?vn=341040
gvp-10452,1889-08-09,1890-02-16,Colima eruption (VEI 4),nature,AMERICAS,exact,,"Global Volcanism Program, Volcanoes of the World, Smithsonian Institution",https://volcano.si.edu/volcano.cfm?vn=341040
gvp-10459,1913-01-17,1913-01-24,Colima eruption (VEI 4),nature,AMERICAS,exact,,"Global Volcanism Program, Volcanoes of the World, Smithsonian Institution",https://volcano.si.edu/volcano.cfm?vn=341040
gvp-10485,1759-09-29,1774,Michoacan-Guanajuato eruption (VEI 4),nature,AMERICAS,exact,,"Global Volcanism Program, Volcanoes of the World, Smithsonian Institution",https://volcano.si.edu/volcano.cfm?vn=341060
gvp-10486,1943-02-20,1952-02-25,Michoacan-Guanajuato eruption (VEI 4),nature,AMERICAS,exact,,"Global Volcanism Program, Volcanoes of the World, Smithsonian Institution",https://volcano.si.edu/volcano.cfm?vn=341060
gvp-10512,200 BC,,Popocatepetl eruption (VEI 5),nature,AMERICAS,approx,300,"Global Volcanism Program, Volcanoes of the World, Smithsonian Institution",https://volcano.si.edu/volcano.cfm?vn=341090
gvp-10514,823-03-01,,Popocatepetl eruption (VEI 4),nature,AMERICAS,exact,,"Global Volcanism Program, Volcanoes of the World, Smithsonian Institution",https://volcano.si.edu/volcano.cfm?vn=341090
gvp-10564,2300 BC,,"Orizaba, Pico de eruption (VEI 4)",nature,AMERICAS,approx,75,"Global Volcanism Program, Volcanoes of the World, Smithsonian Institution",https://volcano.si.edu/volcano.cfm?vn=341100
gvp-10593,1793-03-02,1793-12,San Martin eruption (VEI 4),nature,AMERICAS,exact,,"Global Volcanism Program, Volcanoes of the World, Smithsonian Institution",https://volcano.si.edu/volcano.cfm?vn=341110
gvp-10599,2030 BC,,"Chichon, El eruption (VEI 5)",nature,AMERICAS,approx,100,"Global Volcanism Program, Volcanoes of the World, Smithsonian Institution",https://volcano.si.edu/volcano.cfm?vn=341120
gvp-10606,780,,"Chichon, El eruption (VEI 5)",nature,AMERICAS,approx,100,"Global Volcanism Program, Volcanoes of the World, Smithsonian Institution",https://volcano.si.edu/volcano.cfm?vn=341120
gvp-10607,1190,,"Chichon, El eruption (VEI 4)",nature,AMERICAS,approx,150,"Global Volcanism Program, Volcanoes of the World, Smithsonian Institution",https://volcano.si.edu/volcano.cfm?vn=341120
gvp-10608,1360,,"Chichon, El eruption (VEI 5)",nature,AMERICAS,approx,100,"Global Volcanism Program, Volcanoes of the World, Smithsonian Institution",https://volcano.si.edu/volcano.cfm?vn=341120
gvp-10610,1982-03-28,1982-09-11,"Chichon, El eruption (VEI 5)",nature,AMERICAS,exact,,"Global Volcanism Program, Volcanoes of the World, Smithsonian Institution",https://volcano.si.edu/volcano.cfm?vn=341120
gvp-10616,70,,Tacana eruption (VEI 4),nature,AMERICAS,approx,100,"Global Volcanism Program, Volcanoes of the World, Smithsonian Institution",https://volcano.si.edu/volcano.cfm?vn=341130
gvp-10624,1902-10-24,1902-11-12,Santa Maria eruption (VEI 6),nature,AMERICAS,exact,,"Global Volcanism Program, Volcanoes of the World, Smithsonian Institution",https://volcano.si.edu/volcano.cfm?vn=342030
gvp-10673,1581-12-05,1582-01-15,Fuego eruption (VEI 4),nature,AMERICAS,exact,,"Global Volcanism Program, Volcanoes of the World, Smithsonian Institution",https://volcano.si.edu/volcano.cfm?vn=342090
gvp-10692,1717-08-27,1717-12-26,Fuego eruption (VEI 4),nature,AMERICAS,exact,,"Global Volcanism Program, Volcanoes of the World, Smithsonian Institution",https://volcano.si.edu/volcano.cfm?vn=342090
gvp-10695,1737-08-27,1737-09-24,Fuego eruption (VEI 4),nature,AMERICAS,exact,,"Global Volcanism Program, Volcanoes of the World, Smithsonian Institution",https://volcano.si.edu/volcano.cfm?vn=342090
gvp-10707,1857-01-15,1857-02-17,Fuego eruption (VEI 4),nature,AMERICAS,exact,,"Global Volcanism Program, Volcanoes of the World, Smithsonian Institution",https://volcano.si.edu/volcano.cfm?vn=342090
gvp-10714,1880-06-28,1880-08-20,Fuego eruption (VEI 4),nature,AMERICAS,exact,,"Global Volcanism Program, Volcanoes of the World, Smithsonian Institution",https://volcano.si.edu/volcano.cfm?vn=342090
gvp-10716,1932-01-21,1932-01-22,Fuego eruption (VEI 4),nature,AMERICAS,exact,,"Global Volcanism Program, Volcanoes of the World, Smithsonian Institution",https://volcano.si.edu/volcano.cfm?vn=342090
gvp-10727,1974-10-10,1974-12-04,Fuego eruption (VEI 4),nature,AMERICAS,exact,,"Global Volcanism Program, Volcanoes of the World, Smithsonian Institution",https://volcano.si.edu/volcano.cfm?vn=342090
gvp-10824,1200,,San Salvador eruption (VEI 4),nature,AMERICAS,approx,,"Global Volcanism Program, Volcanoes of the World, Smithsonian Institution",https://volcano.si.edu/volcano.cfm?vn=343050
gvp-10830,450,,Ilopango eruption (VEI 6),nature,AMERICAS,approx,30,"Global Volcanism Program, Volcanoes of the World, Smithsonian Institution",https://volcano.si.edu/volcano.cfm?vn=343060
gvp-10872,1835-01-20,1835-01-25,Cosiguina eruption (VEI 5),nature,AMERICAS,exact,,"Global Volcanism Program, Volcanoes of the World, Smithsonian Institution",https://volcano.si.edu/volcano.cfm?vn=344010
gvp-10900,1529,,Telica eruption (VEI 4),nature,AMERICAS,year,,"Global Volcanism Program, Volcanoes of the World, Smithsonian Institution",https://volcano.si.edu/volcano.cfm?vn=344040
gvp-10975,2550 BC,,Apoyeque eruption (VEI 5),nature,AMERICAS,approx,1500,"Global Volcanism Program, Volcanoes of the World, Smithsonian Institution",https://volcano.si.edu/volcano.cfm?vn=344091
gvp-10976,1050 BC,,Apoyeque eruption (VEI 4),nature,AMERICAS,approx,1000,"Global Volcanism Program, Volcanoes of the World, Smithsonian Institution",https://volcano.si.edu/volcano.cfm?vn=344091
gvp-10977,50 BC,,Apoyeque eruption (VEI 6),nature,AMERICAS,approx,100,"Global Volcanism Program, Volcanoes of the World, Smithsonian Institution",https://volcano.si.edu/volcano.cfm?vn=344091
gvp-10984,800 BC,,Momotombo eruption (VEI 4),nature,AMERICAS,approx,50,"Global Volcanism Program, Volcanoes of the World, Smithsonian Institution",https://volcano.si.edu/volcano.cfm?vn=344090
gvp-10988,1605,1606,Momotombo eruption (VEI 4),nature,AMERICAS,year,,"Global Volcanism Program, Volcanoes of the World, Smithsonian Institution",https://volcano.si.edu/volcano.cfm?vn=344090
gvp-11005,170 BC,,Masaya eruption (VEI 5),nature,AMERICAS,approx,100,"Global Volcanism Program, Volcanoes of the World, Smithsonian Institution",https://volcano.si.edu/volcano.cfm?vn=344100
gvp-11006,150,,Masaya eruption (VEI 5),nature,AMERICAS,approx,,"Global Volcanism Program, Volcanoes of the World, Smithsonian Institution",https://volcano.si.edu/volcano.cfm?vn=344100
gvp-11045,770 BC,,Concepcion eruption (VEI 4),nature,AMERICAS,approx,50,"Global Volcanism Program, Volcanoes of the World, Smithsonian Institution",https://volcano.si.edu/volcano.cfm?vn=344120
gvp-11083,1820 BC,,Rincon de la Vieja eruption (VEI 4),nature,AMERICAS,approx,150,"Global Volcanism Program, Volcanoes of the World, Smithsonian Institution",https://volcano.si.edu/volcano.cfm?vn=345020
gvp-11110,3350 BC,,Arenal eruption (VEI 4),nature,AMERICAS,approx,,"Global Volcanism Program, Volcanoes of the World, Smithsonian Institution",https://volcano.si.edu/volcano.cfm?vn=345033
gvp-11112,2800 BC,,Arenal eruption (VEI 4),nature,AMERICAS,approx,,"Global Volcanism Program, Volcanoes of the World, Smithsonian Institution",https://volcano.si.edu/volcano.cfm?vn=345033
gvp-11113,2250 BC,,Arenal eruption (VEI 4),nature,AMERICAS,approx,,"Global Volcanism Program, Volcanoes of the World, Smithsonian Institution",https://volcano.si.edu/volcano.cfm?vn=345033
gvp-11115,1650 BC,,Arenal eruption (VEI 4),nature,AMERICAS,approx,,"Global Volcanism Program, Volcanoes of the World, Smithsonian Institution",https://volcano.si.edu/volcano.cfm?vn=345033
gvp-11116,1450 BC,,Arenal eruption (VEI 4),nature,AMERICAS,approx,,"Global Volcanism Program, Volcanoes of the World, Smithsonian Institution",https://volcano.si.edu/volcano.cfm?vn=345033
gvp-11117,1250 BC,,Arenal eruption (VEI 4),nature,AMERICAS,approx,200,"Global Volcanism Program, Volcanoes of the World, Smithsonian Institution",https://volcano.si.edu/volcano.cfm?vn=345033
gvp-11119,380 BC,,Arenal eruption (VEI 4),nature,AMERICAS,approx,200,"Global Volcanism Program, Volcanoes of the World, Smithsonian Institution",https://volcano.si.edu/volcano.cfm?vn=345033
gvp-11120,270 BC,,Arenal eruption (VEI 4),nature,AMERICAS,approx,,"Global Volcanism Program, Volcanoes of the World, Smithsonian Institution",https://volcano.si.edu/volcano.cfm?vn=345033
gvp-11121,170 BC,,Arenal eruption (VEI 4),nature,AMERICAS,approx,200,"Global Volcanism Program, Volcanoes of the World, Smithsonian Institution",https://volcano.si.edu/volcano.cfm?vn=345033
gvp-11122,400,,Arenal eruption (VEI 4),nature,AMERICAS,approx,,"Global Volcanism Program, Volcanoes of the World, Smithsonian Institution",https://volcano.si.edu/volcano.cfm?vn=345033
gvp-11123,550,,Arenal eruption (VEI 4),nature,AMERICAS,approx,,"Global Volcanism Program, Volcanoes of the World, Smithsonian Institution",https://volcano.si.edu/volcano.cfm?vn=345033
gvp-11124,650,,Arenal eruption (VEI 4),nature,AMERICAS,approx,100,"Global Volcanism Program, Volcanoes of the World, Smithsonian Institution",https://volcano.si.edu/volcano.cfm?vn=345033
gvp-11125,700,,Arenal eruption (VEI 4),nature,AMERICAS,approx,,"Global Volcanism Program, Volcanoes of the World, Smithsonian Institution",https://volcano.si.edu/volcano.cfm?vn=345033
gvp-11126,750,,Arenal eruption (VEI 4),nature,AMERICAS,approx,50,"Global Volcanism Program, Volcanoes of the World, Smithsonian Institution",https://volcano.si.edu/volcano.cfm?vn=345033
gvp-11127,1020,,Arenal eruption (VEI 4),nature,AMERICAS,approx,,"Global Volcanism Program, Volcanoes of the World, Smithsonian Institution",https://volcano.si.edu/volcano.cfm?vn=345033
gvp-11128,1030,,Arenal eruption (VEI 4),nature,AMERICAS,approx,,"Global Volcanism Program, Volcanoes of the World, Smithsonian Institution",https://volcano.si.edu/volcano.cfm?vn=345033
gvp-11129,1400,,Arenal eruption (VEI 4),nature,AMERICAS,approx,,"Global Volcanism Program, Volcanoes of the World, Smithsonian Institution",https://volcano.si.edu/volcano.cfm?vn=345033
gvp-11237,40,,Turrialba eruption (VEI 4),nature,AMERICAS,approx,50,"Global Volcanism Program, Volcanoes of the World, Smithsonian Institution",https://volcano.si.edu/volcano.cfm?vn=345070
gvp-11259,1310 BC,,"Bravo, Cerro eruption (VEI 4)",nature,AMERICAS,approx,150,"Global Volcanism Program, Volcanoes of the World, Smithsonian Institution",https://volcano.si.edu/volcano.cfm?vn=351012
gvp-11260,1050 BC,,"Bravo, Cerro eruption (VEI 4)",nature,AMERICAS,approx,200,"Global Volcanism Program, Volcanoes of the World, Smithsonian Institution",https://volcano.si.edu/volcano.cfm?vn=351012
gvp-11261,730 BC,,"Bravo, Cerro eruption (VEI 4)",nature,AMERICAS,approx,75,"Global Volcanism Program, Volcanoes of the World, Smithsonian Institution",https://volcano.si.edu/volcano.cfm?vn=351012
gvp-11262,750,,"Bravo, Cerro eruption (VEI 4)",nature,AMERICAS,approx,150,"Global Volcanism Program, Volcanoes of the World, Smithsonian Institution",https://volcano.si.edu/volcano.cfm?vn=351012
gvp-11263,1050,,"Bravo, Cerro eruption (VEI 4)",nature,AMERICAS,approx,75,"Global Volcanism Program, Volcanoes of the World, Smithsonian Institution",https://volcano.si.edu/volcano.cfm?vn=351012
gvp-11264,1330,,"Bravo, Cerro eruption (VEI 4)",nature,AMERICAS,approx,75,"Global Volcanism Program, Volcanoes of the World, Smithsonian Institution",https://volcano.si.edu/volcano.cfm?vn=351012
gvp-11265,1720,,"Bravo, Cerro eruption (VEI 4)",nature,AMERICAS,approx,150,"Global Volcanism Program, Volcanoes of the World, Smithsonian Institution",https://volcano.si.edu/volcano.cfm?vn=351012
gvp-11272,850 BC,,"Ruiz, Nevado del eruption (VEI 4)",nature,AMERICAS,approx,,"Global Volcanism Program, Volcanoes of the World, Smithsonian Institution",https://volcano.si.edu/volcano.cfm?vn=351020
gvp-11273,200 BC,,"Ruiz, Nevado del eruption (VEI 4)",nature,AMERICAS,approx,100,"Global Volcanism Program, Volcanoes of the World, Smithsonian Institution",https://volcano.si.edu/volcano.cfm?vn=351020
gvp-11276,1350,,"Ruiz, Nevado del eruption (VEI 4)",nature,AMERICAS,approx,,"Global Volcanism Program, Volcanoes of the World, Smithsonian Institution",https://volcano.si.edu/volcano.cfm?vn=351020
gvp-11279,1595-03-09,,"Ruiz, Nevado del eruption (VEI 4)",nature,AMERICAS,exact,,"Global Volcanism Program, Volcanoes of the World, Smithsonian Institution",https://volcano.si.edu/volcano.cfm?vn=351020
gvp-11296,1990 BC,,"Tolima, Nevado del eruption (VEI 5)",nature,AMERICAS,approx,200,"Global Volcanism Program, Volcanoes of the World, Smithsonian Institution",https://volcano.si.edu/volcano.cfm?vn=351030
gvp-11340,2550 BC,,Dona Juana eruption (VEI 4),nature,AMERICAS,approx,150,"Global Volcanism Program, Volcanoes of the World, Smithsonian Institution",https://volcano.si.edu/volcano.cfm?vn=351070
gvp-11341,1897-11-01,1906-07-02,Dona Juana eruption (VEI 4),nature,AMERICAS,exact,,"Global Volcanism Program, Volcanoes of the World, Smithsonian Institution",https://volcano.si.edu/volcano.cfm?vn=351070
gvp-11385,930 BC,,Azufral eruption (VEI 4),nature,AMERICAS,approx,,"Global Volcanism Program, Volcanoes of the World, Smithsonian Institution",https://volcano.si.edu/volcano.cfm?vn=351090
gvp-11392,1150 BC,,Cuicocha eruption (VEI 5),nature,AMERICAS,approx,150,"Global Volcanism Program, Volcanoes of the World, Smithsonian Institution",https://volcano.si.edu/volcano.cfm?vn=352003
gvp-11410,1040,,Cayambe eruption (VEI 4),nature,AMERICAS,approx,,"Global Volcanism Program, Volcanoes of the World, Smithsonian Institution",https://volcano.si.edu/volcano.cfm?vn=352006
gvp-11412,1290,,Cayambe eruption (VEI 4),nature,AMERICAS,approx,,"Global Volcanism Program, Volcanoes of the World, Smithsonian Institution",https://volcano.si.edu/volcano.cfm?vn=352006
gvp-11414,1570,,Cayambe eruption (VEI 4),nature,AMERICAS,approx,,"Global Volcanism Program, Volcanoes of the World, Smithsonian Institution",https://volcano.si.edu/volcano.cfm?vn=352006
gvp-11419,690 BC,,Pululahua eruption (VEI 5),nature,AMERICAS,approx,150,"Global Volcanism Program, Volcanoes of the World, Smithsonian Institution",https://volcano.si.edu/volcano.cfm?vn=352011
gvp-11420,450 BC,,Pululahua eruption (VEI 4),nature,AMERICAS,approx,150,"Global Volcanism Program, Volcanoes of the World, Smithsonian Institution",https://volcano.si.edu/volcano.cfm?vn=352011
gvp-11446,2002-11-03,2003-01-10,Reventador eruption (VEI 4),nature,AMERICAS,exact,,"Global Volcanism Program, Volcanoes of the World, Smithsonian Institution",https://volcano.si.edu/volcano.cfm?vn=352010
gvp-11451,3490 BC,,Atacazo eruption (VEI 4),nature,AMERICAS,approx,100,"Global Volcanism Program, Volcanoes of the World, Smithsonian Institution",https://volcano.si.edu/volcano.cfm?vn=352021
gvp-11452,2490 BC,,Atacazo eruption (VEI 5),nature,AMERICAS,approx,40,"Global Volcanism Program, Volcanoes of the World, Smithsonian Institution",https://volcano.si.edu/volcano.cfm?vn=352021
gvp-11453,320 BC,,Atacazo eruption (VEI 5),nature,AMERICAS,approx,16,"Global Volcanism Program, Volcanoes of the World, Smithsonian Institution",https://volcano.si.edu/volcano.cfm?vn=352021
gvp-11469,70,,Guagua Pichincha eruption (VEI 4),nature,AMERICAS,approx,75,"Global Volcanism Program, Volcanoes of the World, Smithsonian Institution",https://volcano.si.edu/volcano.cfm?vn=352020
gvp-11471,930,,Guagua Pichincha eruption (VEI 5),nature,AMERICAS,approx,100,"Global Volcanism Program, Volcanoes of the World, Smithsonian Institution",https://volcano.si.edu/volcano.cfm?vn=352020
gvp-11483,1660-10-27,1660-11-28,Guagua Pichincha eruption (VEI 4),nature,AMERICAS,exact,,"Global Volcanism Program, Volcanoes of the World, Smithsonian Institution",https://volcano.si.edu/volcano.cfm?vn=352020
gvp-11516,3280 BC,,Cotopaxi eruption (VEI 5),nature,AMERICAS,approx,500,"Global Volcanism Program, Volcanoes of the World, Smithsonian Institution",https://volcano.si.edu/volcano.cfm?vn=352050
gvp-11517,2640 BC,,Cotopaxi eruption (VEI 5),nature,AMERICAS,approx,200,"Global Volcanism Program, Volcanoes of the World, Smithsonian Institution",https://volcano.si.edu/volcano.cfm?vn=352050
gvp-11520,2050 BC,,Cotopaxi eruption (VEI 5),nature,AMERICAS,approx,,"Global Volcanism Program, Volcanoes of the World, Smithsonian Institution",https://volcano.si.edu/volcano.cfm?vn=352050
gvp-11522,1050 BC,,Cotopaxi eruption (VEI 4),nature,AMERICAS,approx,,"Global Volcanism Program, Volcanoes of the World, Smithsonian Institution",https://volcano.si.edu/volcano.cfm?vn=352050
gvp-11523,400 BC,,Cotopaxi eruption (VEI 4),nature,AMERICAS,approx,,"Global Volcanism Program, Volcanoes of the World, Smithsonian Institution",https://volcano.si.edu/volcano.cfm?vn=352050
gvp-11524,230 BC,,Cotopaxi eruption (VEI 4),nature,AMERICAS,approx,200,"Global Volcanism Program, Volcanoes of the World, Smithsonian Institution",https://volcano.si.edu/volcano.cfm?vn=352050
gvp-11526,70,,Cotopaxi eruption (VEI 4),nature,AMERICAS,approx,150,"Global Volcanism Program, Volcanoes of the World, Smithsonian Institution",https://volcano.si.edu/volcano.cfm?vn=352050
gvp-11527,150,,Cotopaxi eruption (VEI 4),nature,AMERICAS,approx,,"Global Volcanism Program, Volcanoes of the World, Smithsonian Institution",https://volcano.si.edu/volcano.cfm?vn=352050
gvp-11528,180,,Cotopaxi eruption (VEI 4),nature,AMERICAS,approx,100,"Global Volcanism Program, Volcanoes of the World, Smithsonian Institution",https://volcano.si.edu/volcano.cfm?vn=352050
gvp-11531,740,,Cotopaxi eruption (VEI 4),nature,AMERICAS,approx,75,"Global Volcanism Program, Volcanoes of the World, Smithsonian Institution",https://volcano.si.edu/volcano.cfm?vn=352050
gvp-11532,770,,Cotopaxi eruption (VEI 4),nature,AMERICAS,approx,75,"Global Volcanism Program, Volcanoes of the World, Smithsonian Institution",https://volcano.si.edu/volcano.cfm?vn=352050
gvp-11534,1130,,Cotopaxi eruption (VEI 5),nature,AMERICAS,approx,75,"Global Volcanism Program, Volcanoes of the World, Smithsonian Institution",https://volcano.si.edu/volcano.cfm?vn=352050
gvp-11537,1350,,Cotopaxi eruption (VEI 4),nature,AMERICAS,approx,,"Global Volcanism Program, Volcanoes of the World, Smithsonian Institution",https://volcano.si.edu/volcano.cfm?vn=352050
gvp-11538,1532-11-15,,Cotopaxi eruption (VEI 4),nature,AMERICAS,exact,,"Global Volcanism Program, Volcanoes of the World, Smithsonian Institution",https://volcano.si.edu/volcano.cfm?vn=352050
gvp-11540,1534-06,1534-07,Cotopaxi eruption (VEI 4),nature,AMERICAS,year,,"Global Volcanism Program, Volcanoes of the World, Smithsonian Institution",https://volcano.si.edu/volcano.cfm?vn=352050
gvp-11548,1744-05,1744-12,Cotopaxi eruption (VEI 4),nature,AMERICAS,year,,"Global Volcanism Program, Volcanoes of the World, Smithsonian Institution",https://volcano.si.edu/volcano.cfm?vn=352050
gvp-11553,1768-04-04,,Cotopaxi eruption (VEI 4),nature,AMERICAS,exact,,"Global Volcanism Program, Volcanoes of the World, Smithsonian Institution",https://volcano.si.edu/volcano.cfm?vn=352050
gvp-11576,1877-01-16,1877-09-02,Cotopaxi eruption (VEI 4),nature,AMERICAS,exact,,"Global Volcanism Program, Volcanoes of the World, Smithsonian Institution",https://volcano.si.edu/volcano.cfm?vn=352050
gvp-11597,1280,,Quilotoa eruption (VEI 6),nature,AMERICAS,approx,,"Global Volcanism Program, Volcanoes of the World, Smithsonian Institution",https://volcano.si.edu/volcano.cfm?vn=352060
gvp-11610,1010 BC,,Tungurahua eruption (VEI 5),nature,AMERICAS,approx,100,"Global Volcanism Program, Volcanoes of the World, Smithsonian Institution",https://volcano.si.edu/volcano.cfm?vn=352080
gvp-11620,730,,Tungurahua eruption (VEI 4),nature,AMERICAS,approx,200,"Global Volcanism Program, Volcanoes of the World, Smithsonian Institution",https://volcano.si.edu/volcano.cfm?vn=352080
gvp-11638,1886-01-11,1888-07-02,Tungurahua eruption (VEI 4),nature,AMERICAS,exact,,"Global Volcanism Program, Volcanoes of the World, Smithsonian Institution",https://volcano.si.edu/volcano.cfm?vn=352080
gvp-11640,1916-03-03,1925-12-01,Tungurahua eruption (VEI 4),nature,AMERICAS,exact,,"Global Volcanism Program, Volcanoes of the World, Smithsonian Institution",https://volcano.si.edu/volcano.cfm?vn=352080
gvp-11666,1968-06-11,1968-07-04,Fernandina eruption (VEI 4),nature,AMERICAS,exact,,"Global Volcanism Program, Volcanoes of the World, Smithsonian Institution",https://volcano.si.edu/volcano.cfm?vn=353010
gvp-11759,80 BC,,"Misti, El eruption (VEI 4)",nature,AMERICAS,approx,75,"Global Volcanism Program, Volcanoes of the World, Smithsonian Institution",https://volcano.si.edu/volcano.cfm?vn=354010
gvp-11777,1082,,Ubinas eruption (VEI 5),nature,AMERICAS,approx,82,"Global Volcanism Program, Volcanoes of the World, Smithsonian Institution",https://volcano.si.edu/volcano.cfm?vn=354020
gvp-11796,1320 BC,,Yucamane eruption (VEI 5),nature,AMERICAS,approx,,"Global Volcanism Program, Volcanoes of the World, Smithsonian Institution",https://volcano.si.edu/volcano.cfm?vn=354050
gvp-11799,1802-03-20,1802-08-20,Tutupaca eruption (VEI 4),nature,AMERICAS,exact,,"Global Volcanism Program, Volcanoes of the World, Smithsonian Institution",https://volcano.si.edu/volcano.cfm?vn=354040
gvp-11814,290,,Parinacota eruption (VEI 4),nature,AMERICAS,approx,300,"Global Volcanism Program, Volcanoes of the World, Smithsonian Institution",https://volcano.si.edu/volcano.cfm?vn=355012
gvp-11868,1993-01-30,1993-08-16,Lascar eruption (VEI 4),nature,AMERICAS,exact,,"Global Volcanism Program, Volcanoes of the World, Smithsonian Institution",https://volcano.si.edu/volcano.cfm?vn=355100
gvp-11930,1762-12-03,,Planchon-Peteroa eruption (VEI 4),nature,AMERICAS,exact,,"Global Volcanism Program, Volcanoes of the World, Smithsonian Institution",https://volcano.si.edu/volcano.cfm?vn=357040
gvp-11957,1916-07-02,1932-04-21,"Azul, Cerro eruption (VEI 5)",nature,AMERICAS,exact,,"Global Volcanism Program, Volcanoes of the World, Smithsonian Institution",https://volcano.si.edu/volcano.cfm?vn=357060
gvp-12017,920 BC,,Sollipulli eruption (VEI 5),nature,AMERICAS,approx,75,"Global Volcanism Program, Volcanoes of the World, Smithsonian Institution",https://volcano.si.edu/volcano.cfm?vn=357111
gvp-12023,1640-02,,Llaima eruption (VEI 4),nature,AMERICAS,year,,"Global Volcanism Program, Volcanoes of the World, Smithsonian Institution",https://volcano.si.edu/volcano.cfm?vn=357110
gvp-12095,1810 BC,,Villarrica eruption (VEI 5),nature,AMERICAS,approx,200,"Global Volcanism Program, Volcanoes of the World, Smithsonian Institution",https://volcano.si.edu/volcano.cfm?vn=357120
gvp-12097,670 BC,,Villarrica eruption (VEI 4),nature,AMERICAS,approx,,"Global Volcanism Program, Volcanoes of the World, Smithsonian Institution",https://volcano.si.edu/volcano.cfm?vn=357120
gvp-12188,1955-07-27,1955-11-12,Carran-Los Venados eruption (VEI 4),nature,AMERICAS,exact,,"Global Volcanism Program, Volcanoes of the World, Smithsonian Institution",https://volcano.si.edu/volcano.cfm?vn=357140
gvp-12190,960 BC,,Antillanca Volcanic Complex eruption (VEI 5),nature,AMERICAS,approx,150,"Global Volcanism Program, Volcanoes of the World, Smithsonian Institution",https://volcano.si.edu/volcano.cfm?vn=357153
gvp-12191,230 BC,,Antillanca Volcanic Complex eruption (VEI 5),nature,AMERICAS,approx,200,"Global Volcanism Program, Volcanoes of the World, Smithsonian Institution",https://volcano.si.edu/volcano.cfm?vn=357153
gvp-12204,860,,Puyehue-Cordon Caulle eruption (VEI 5),nature,AMERICAS,approx,75,"Global Volcanism Program, Volcanoes of the World, Smithsonian Institution",https://volcano.si.edu/volcano.cfm?vn=357150
gvp-12222,420,,Osorno eruption (VEI 4),nature,AMERICAS,approx,100,"Global Volcanism Program, Volcanoes of the World, Smithsonian Institution",https://volcano.si.edu/volcano.cfm?vn=358010
gvp-12252,1893-01-07,1894-01-16,Calbuco eruption (VEI 4),nature,AMERICAS,exact,,"Global Volcanism Program, Volcanoes of the World, Smithsonian Institution",https://volcano.si.edu/volcano.cfm?vn=358020
gvp-12271,2008-05-02,2011-05-31,Chaiten eruption (VEI 4),nature,AMERICAS,exact,,"Global Volcanism Program, Volcanoes of the World, Smithsonian Institution",https://volcano.si.edu/volcano.cfm?vn=358041
gvp-12291,1890 BC,,"Hudson, Cerro eruption (VEI 6)",nature,AMERICAS,approx,,"Global Volcanism Program, Volcanoes of the World, Smithsonian Institution",https://volcano.si.edu/volcano.cfm?vn=358057
gvp-12299,1991-08-08,1991-10-27,"Hudson, Cerro eruption (VEI 5)",nature,AMERICAS,exact,,"Global Volcanism Program, Volcanoes of the World, Smithsonian Institution",https://volcano.si.edu/volcano.cfm?vn=358057
gvp-12308,1253 BC,,Aguilera eruption (VEI 5),nature,AMERICAS,approx,126,"Global Volcanism Program, Volcanoes of the World, Smithsonian Institution",https://volcano.si.edu/volcano.cfm?vn=358062
gvp-12326,2320 BC,,"Burney, Monte eruption (VEI 5)",nature,AMERICAS,approx,100,"Global Volcanism Program, Volcanoes of the World, Smithsonian Institution",https://volcano.si.edu/volcano.cfm?vn=358070
gvp-12337,2010 BC,,Liamuiga eruption (VEI 4),nature,AMERICAS,approx,150,"Global Volcanism Program, Volcanoes of the World, Smithsonian Institution",https://volcano.si.edu/volcano.cfm?vn=360030
gvp-12339,160,,Liamuiga eruption (VEI 4),nature,AMERICAS,approx,200,"Global Volcanism Program, Volcanoes of the World, Smithsonian Institution",https://volcano.si.edu/volcano.cfm?vn=360030
gvp-12359,1530,,Soufriere Guadeloupe eruption (VEI 4),nature,AMERICAS,approx,30,"Global Volcanism Program, Volcanoes of the World, Smithsonian Institution",https://volcano.si.edu/volcano.cfm?vn=360060
gvp-12393,3500 BC,,Pelee eruption (VEI 4),nature,AMERICAS,approx,200,"Global Volcanism Program, Volcanoes of the World, Smithsonian Institution",https://volcano.si.edu/volcano.cfm?vn=360120
gvp-12394,3430 BC,,Pelee eruption (VEI 4),nature,AMERICAS,approx,75,"Global Volcanism Program, Volcanoes of the World, Smithsonian Institution",https://volcano.si.edu/volcano.cfm?vn=360120
gvp-12399,2660 BC,,Pelee eruption (VEI 4),nature,AMERICAS,approx,200,"Global Volcanism Program, Volcanoes of the World, Smithsonian Institution",https://volcano.si.edu/volcano.cfm?vn=360120
gvp-12401,2430 BC,,Pelee eruption (VEI 4),nature,AMERICAS,approx,,"Global Volcanism Program, Volcanoes of the World, Smithsonian Institution",https://volcano.si.edu/volcano.cfm?vn=360120
gvp-12407,590 BC,,Pelee eruption (VEI 4),nature,AMERICAS,approx,200,"Global Volcanism Program, Volcanoes of the World, Smithsonian Institution",https://volcano.si.edu/volcano.cfm?vn=360120
gvp-12408,440 BC,,Pelee eruption (VEI 4),nature,AMERICAS,approx,,"Global Volcanism Program, Volcanoes of the World, Smithsonian Institution",https://volcano.si.edu/volcano.cfm?vn=360120
gvp-12410,200 BC,,Pelee eruption (VEI 4),nature,AMERICAS,approx,,"Global Volcanism Program, Volcanoes of the World, Smithsonian Institution",https://volcano.si.edu/volcano.cfm?vn=360120
gvp-12411,10,,Pelee eruption (VEI 4),nature,AMERICAS,approx,50,"Global Volcanism Program, Volcanoes of the World, Smithsonian Institution",https://volcano.si.edu/volcano.cfm?vn=360120
gvp-12412,50,,Pelee eruption (VEI 4),nature,AMERICAS,approx,,"Global Volcanism Program, Volcanoes of the World, Smithsonian Institution",https://volcano.si.edu/volcano.cfm?vn=360120
gvp-12413,130,,Pelee eruption (VEI 4),nature,AMERICAS,approx,,"Global Volcanism Program, Volcanoes of the World, Smithsonian Institution",https://volcano.si.edu/volcano.cfm?vn=360120
gvp-12415,300,,Pelee eruption (VEI 4),nature,AMERICAS,approx,,"Global Volcanism Program, Volcanoes of the World, Smithsonian Institution",https://volcano.si.edu/volcano.cfm?vn=360120
gvp-12416,350,,Pelee eruption (VEI 4),nature,AMERICAS,approx,75,"Global Volcanism Program, Volcanoes of the World, Smithsonian Institution",https://volcano.si.edu/volcano.cfm?vn=360120
gvp-12417,450,,Pelee eruption (VEI 4),nature,AMERICAS,approx,,"Global Volcanism Program, Volcanoes of the World, Smithsonian Institution",https://volcano.si.edu/volcano.cfm?vn=360120
gvp-12420,890,,Pelee eruption (VEI 4),nature,AMERICAS,approx,100,"Global Volcanism Program, Volcanoes of the World, Smithsonian Institution",https://volcano.si.edu/volcano.cfm?vn=360120
gvp-12424,1340,,Pelee eruption (VEI 4),nature,AMERICAS,approx,50,"Global Volcanism Program, Volcanoes of the World, Smithsonian Institution",https://volcano.si.edu/volcano.cfm?vn=360120
gvp-12430,1902-04-23,1905-10-05,Pelee eruption (VEI 4),nature,AMERICAS,exact,,"Global Volcanism Program, Volcanoes of the World, Smithsonian Institution",https://volcano.si.edu/volcano.cfm?vn=360120
gvp-12450,1812-04-27,1812-06-09,Soufriere St. Vincent eruption (VEI 4),nature,AMERICAS,exact,,"Global Volcanism Program, Volcanoes of the World, Smithsonian Institution",https://volcano.si.edu/volcano.cfm?vn=360150
gvp-12453,1902-05-06,1903-03-30,Soufriere St. Vincent eruption (VEI 4),nature,AMERICAS,exact,,"Global Volcanism Program, Volcanoes of the World, Smithsonian Institution",https://volcano.si.edu/volcano.cfm?vn=360150
gvp-12495,1211-08-31,,Eldey eruption (VEI 4),nature,EUROPE,exact,,"Global Volcanism Program, Volcanoes of the World, Smithsonian Institution",https://volcano.si.edu/volcano.cfm?vn=371022
gvp-12497,1226-07-15,1227,Reykjanes eruption (VEI 4),nature,EUROPE,exact,,"Global Volcanism Program, Volcanoes of the World, Smithsonian Institution",https://volcano.si.edu/volcano.cfm?vn=371020
gvp-12563,2010-03-20,2010-06-23,Eyjafjallajokull eruption (VEI 4),nature,EUROPE,exact,,"Global Volcanism Program, Volcanoes of the World, Smithsonian Institution",https://volcano.si.edu/volcano.cfm?vn=372020
gvp-12624,1920 BC,,Katla eruption (VEI 4),nature,EUROPE,approx,,"Global Volcanism Program, Volcanoes of the World, Smithsonian Institution",https://volcano.si.edu/volcano.cfm?vn=372030
gvp-12631,1440 BC,,Katla eruption (VEI 4),nature,EUROPE,approx,40,"Global Volcanism Program, Volcanoes of the World, Smithsonian Institution",https://volcano.si.edu/volcano.cfm?vn=372030
gvp-12640,850 BC,,Katla eruption (VEI 4),nature,EUROPE,approx,50,"Global Volcanism Program, Volcanoes of the World, Smithsonian Institution",https://volcano.si.edu/volcano.cfm?vn=372030
gvp-12667,1500,,Katla eruption (VEI 4),nature,EUROPE,approx,,"Global Volcanism Program, Volcanoes of the World, Smithsonian Institution",https://volcano.si.edu/volcano.cfm?vn=372030
gvp-12668,1550,,Katla eruption (VEI 4),nature,EUROPE,approx,,"Global Volcanism Program, Volcanoes of the World, Smithsonian Institution",https://volcano.si.edu/volcano.cfm?vn=372030
gvp-12669,1580-08-11,,Katla eruption (VEI 4),nature,EUROPE,exact,,"Global Volcanism Program, Volcanoes of the World, Smithsonian Institution",https://volcano.si.edu/volcano.cfm?vn=372030
gvp-12670,1612-10-12,,Katla eruption (VEI 4),nature,EUROPE,exact,,"Global Volcanism Program, Volcanoes of the World, Smithsonian Institution",https://volcano.si.edu/volcano.cfm?vn=372030
gvp-12671,1625-09-02,1625-09-14,Katla eruption (VEI 5),nature,EUROPE,exact,,"Global Volcanism Program, Volcanoes of the World, Smithsonian Institution",https://volcano.si.edu/volcano.cfm?vn=372030
gvp-12672,1660-11-03,1661,Katla eruption (VEI 4),nature,EUROPE,exact,,"Global Volcanism Program, Volcanoes of the World, Smithsonian Institution",https://volcano.si.edu/volcano.cfm?vn=372030
gvp-12673,1721-05-11,1721-10-15,Katla eruption (VEI 5),nature,EUROPE,exact,,"Global Volcanism Program, Volcanoes of the World, Smithsonian Institution",https://volcano.si.edu/volcano.cfm?vn=372030
gvp-12674,1755-10-17,1756-02-13,Katla eruption (VEI 5),nature,EUROPE,exact,,"Global Volcanism Program, Volcanoes of the World, Smithsonian Institution",https://volcano.si.edu/volcano.cfm?vn=372030
gvp-12676,1860-05-08,1860-05-27,Katla eruption (VEI 4),nature,EUROPE,exact,,"Global Volcanism Program, Volcanoes of the World, Smithsonian Institution",https://volcano.si.edu/volcano.cfm?vn=372030
gvp-12677,1918-10-12,1918-11-04,Katla eruption (VEI 4),nature,EUROPE,exact,,"Global Volcanism Program, Volcanoes of the World, Smithsonian Institution",https://volcano.si.edu/volcano.cfm?vn=372030
gvp-12710,2310 BC,,Hekla eruption (VEI 5),nature,EUROPE,approx,20,"Global Volcanism Program, Volcanoes of the World, Smithsonian Institution",https://volcano.si.edu/volcano.cfm?vn=372070
gvp-12714,1550 BC,,Hekla eruption (VEI 4),nature,EUROPE,approx,,"Global Volcanism Program, Volcanoes of the World, Smithsonian Institution",https://volcano.si.edu/volcano.cfm?vn=372070
gvp-12718,1100 BC,,Hekla eruption (VEI 5),nature,EUROPE,approx,50,"Global Volcanism Program, Volcanoes of the World, Smithsonian Institution",https://volcano.si.edu/volcano.cfm?vn=372070
gvp-12731,1104-10-15,,Hekla eruption (VEI 5),nature,EUROPE,exact,,"Global Volcanism Program, Volcanoes of the World, Smithsonian Institution",https://volcano.si.edu/volcano.cfm?vn=372070
gvp-12732,1158-01-19,,Hekla eruption (VEI 4),nature,EUROPE,exact,,"Global Volcanism Program, Volcanoes of the World, Smithsonian Institution",https://volcano.si.edu/volcano.cfm?vn=372070
gvp-12735,1300-07-11,1301-07,Hekla eruption (VEI 4),nature,EUROPE,exact,,"Global Volcanism Program, Volcanoes of the World, Smithsonian Institution",https://volcano.si.edu/volcano.cfm?vn=372070
gvp-12739,1510-07-25,,Hekla eruption (VEI 4),nature,EUROPE,exact,,"Global Volcanism Program, Volcanoes of the World, Smithsonian Institution",https://volcano.si.edu/volcano.cfm?vn=372070
gvp-12741,1597-01-03,1597-06,Hekla eruption (VEI 4),nature,EUROPE,exact,,"Global Volcanism Program, Volcanoes of the World, Smithsonian Institution",https://volcano.si.edu/volcano.cfm?vn=372070
gvp-12743,1693-02-13,1693-09-14,Hekla eruption (VEI 4),nature,EUROPE,exact,,"Global Volcanism Program, Volcanoes of the World, Smithsonian Institution",https://volcano.si.edu/volcano.cfm?vn=372070
gvp-12745,1766-04-05,1768-05,Hekla eruption (VEI 4),nature,EUROPE,exact,,"Global Volcanism Program, Volcanoes of the World, Smithsonian Institution",https://volcano.si.edu/volcano.cfm?vn=372070
gvp-12746,1845-09-02,1846-04-05,Hekla eruption (VEI 4),nature,EUROPE,exact,,"Global Volcanism Program, Volcanoes of the World, Smithsonian Institution",https://volcano.si.edu/volcano.cfm?vn=372070
gvp-12749,1947-03-29,1948-04-21,Hekla eruption (VEI 4),nature,EUROPE,exact,,"Global Volcanism Program, Volcanoes of the World, Smithsonian Institution",https://volcano.si.edu/volcano.cfm?vn=372070
gvp-12809,1783-05,1785-05-26,Grimsvotn eruption (VEI 4),nature,EUROPE,year,,"Global Volcanism Program, Volcanoes of the World, Smithsonian Institution",https://volcano.si.edu/volcano.cfm?vn=373010
gvp-12818,1873-01-08,1873-08-16,Grimsvotn eruption (VEI 4),nature,EUROPE,exact,,"Global Volcanism Program, Volcanoes of the World, Smithsonian Institution",https://volcano.si.edu/volcano.cfm?vn=373010
gvp-12823,1902-12-16,1904-01-12,Thordarhyrna eruption (VEI 4),nature,EUROPE,exact,,"Global Volcanism Program, Volcanoes of the World, Smithsonian Institution",https://volcano.si.edu/volcano.cfm?vn=373012
gvp-12854,870,,Bardarbunga eruption (VEI 4),nature,EUROPE,approx,,"Global Volcanism Program, Volcanoes of the World, Smithsonian Institution",https://volcano.si.edu/volcano.cfm?vn=373030
gvp-12865,1477-02,,Bardarbunga eruption (VEI 6),nature,EUROPE,approx,,"Global Volcanism Program, Volcanoes of the World, Smithsonian Institution",https://volcano.si.edu/volcano.cfm?vn=373030
gvp-12911,1875-01-01,1875-10-17,Askja eruption (VEI 5),nature,EUROPE,exact,,"Global Volcanism Program, Volcanoes of the World, Smithsonian Institution",https://volcano.si.edu/volcano.cfm?vn=373060
gvp-12934,650 BC,,Krafla eruption (VEI 4),nature,EUROPE,approx,,"Global Volcanism Program, Volcanoes of the World, Smithsonian Institution",https://volcano.si.edu/volcano.cfm?vn=373080
gvp-12958,1362-06-05,1362-10-15,Oraefajokull eruption (VEI 5),nature,EUROPE,exact,,"Global Volcanism Program, Volcanoes of the World, Smithsonian Institution",https://volcano.si.edu/volcano.cfm?vn=374010
gvp-12959,1727-08-03,1728-05-01,Oraefajokull eruption (VEI 4),nature,EUROPE,exact,,"Global Volcanism Program, Volcanoes of the World, Smithsonian Institution",https://volcano.si.edu/volcano.cfm?vn=374010
gvp-12967,1732-05-17,1732-05-18,Jan Mayen eruption (VEI 4),nature,EUROPE,exact,,"Global Volcanism Program, Volcanoes of the World, Smithsonian Institution",https://volcano.si.edu/volcano.cfm?vn=376010
gvp-13008,3050 BC,,Sete Cidades eruption (VEI 4),nature,AMERICAS,approx,,"Global Volcanism Program, Volcanoes of the World, Smithsonian Institution",https://volcano.si.edu/volcano.cfm?vn=382080
gvp-13011,90,,Sete Cidades eruption (VEI 4),nature,AMERICAS,approx,100,"Global Volcanism Program, Volcanoes of the World, Smithsonian Institution",https://volcano.si.edu/volcano.cfm?vn=382080
gvp-13012,380,,Sete Cidades eruption (VEI 4),nature,AMERICAS,approx,300,"Global Volcanism Program, Volcanoes of the World, Smithsonian Institution",https://volcano.si.edu/volcano.cfm?vn=382080
gvp-13016,1444,,Sete Cidades eruption (VEI 4),nature,AMERICAS,approx,,"Global Volcanism Program, Volcanoes of the World, Smithsonian Institution",https://volcano.si.edu/volcano.cfm?vn=382080
gvp-13026,2990 BC,,Agua de Pau eruption (VEI 5),nature,AMERICAS,approx,,"Global Volcanism Program, Volcanoes of the World, Smithsonian Institution",https://volcano.si.edu/volcano.cfm?vn=382090
gvp-13029,1290 BC,,Agua de Pau eruption (VEI 4),nature,AMERICAS,approx,,"Global Volcanism Program, Volcanoes of the World, Smithsonian Institution",https://volcano.si.edu/volcano.cfm?vn=382090
gvp-13032,1563-06-28,1563-07-26,Agua de Pau eruption (VEI 5),nature,AMERICAS,exact,,"Global Volcanism Program, Volcanoes of the World, Smithsonian Institution",https://volcano.si.edu/volcano.cfm?vn=382090
gvp-13037,80,,Furnas eruption (VEI 5),nature,AMERICAS,approx,100,"Global Volcanism Program, Volcanoes of the World, Smithsonian Institution",https://volcano.si.edu/volcano.cfm?vn=382100
gvp-13038,840,,Furnas eruption (VEI 4),nature,AMERICAS,approx,100,"Global Volcanism Program, Volcanoes of the World, Smithsonian Institution",https://volcano.si.edu/volcano.cfm?vn=382100
gvp-13039,1170,,Furnas eruption (VEI 4),nature,AMERICAS,approx,100,"Global Volcanism Program, Volcanoes of the World, Smithsonian Institution",https://volcano.si.edu/volcano.cfm?vn=382100
gvp-13041,1441,,Furnas eruption (VEI 4),nature,AMERICAS,approx,2,"Global Volcanism Program, Volcanoes of the World, Smithsonian Institution",https://volcano.si.edu/volcano.cfm?vn=382100
gvp-13042,1630-09-03,1630-11-02,Furnas eruption (VEI 5),nature,AMERICAS,exact,,"Global Volcanism Program, Volcanoes of the World, Smithsonian Institution",https://volcano.si.edu/volcano.cfm?vn=382100
gvp-13093,80 BC,,Tenerife eruption (VEI 4),nature,AFRICA,approx,40,"Global Volcanism Program, Volcanoes of the World, Smithsonian Institution",https://volcano.si.edu/volcano.cfm?vn=383030
gvp-13308,472-11-05,472-11-06,Vesuvius eruption (VEI 5),nature,EUROPE,exact,,"Global Volcanism Program, Volcanoes of the World, Smithsonian Institution",https://volcano.si.edu/volcano.cfm?vn=211020
gvp-13310,512-07-08,,Vesuvius eruption (VEI 4),nature,EUROPE,exact,,"Global Volcanism Program, Volcanoes of the World, Smithsonian Institution",https://volcano.si.edu/volcano.cfm?vn=211020
gvp-13314,685-02,685-03,Vesuvius eruption (VEI 4),nature,EUROPE,approx,,"Global Volcanism Program, Volcanoes of the World, Smithsonian Institution",https://volcano.si.edu/volcano.cfm?vn=211020
gvp-13318,968-12-01,,Vesuvius eruption (VEI 4),nature,EUROPE,exact,,"Global Volcanism Program, Volcanoes of the World, Smithsonian Institution",https://volcano.si.edu/volcano.cfm?vn=211020
gvp-13332,1631-12-16,1632-01-31,Vesuvius eruption (VEI 5),nature,EUROPE,exact,,"Global Volcanism Program, Volcanoes of the World, Smithsonian Institution",https://volcano.si.edu/volcano.cfm?vn=211020
gvp-13360,1875-12-18,1906-04-22,Vesuvius eruption (VEI 4),nature,EUROPE,exact,,"Global Volcanism Program, Volcanoes of the World, Smithsonian Institution",https://volcano.si.edu/volcano.cfm?vn=211020
gvp-13446,183 BC,,Vulcano eruption (VEI 4),nature,EUROPE,approx,,"Global Volcanism Program, Volcanoes of the World, Smithsonian Institution",https://volcano.si.edu/volcano.cfm?vn=211050
gvp-13492,1500 BC,,Etna eruption (VEI 5),nature,EUROPE,approx,50,"Global Volcanism Program, Volcanoes of the World, Smithsonian Institution",https://volcano.si.edu/volcano.cfm?vn=211060
gvp-13506,122 BC,,Etna eruption (VEI 5),nature,EUROPE,approx,,"Global Volcanism Program, Volcanoes of the World, Smithsonian Institution",https://volcano.si.edu/volcano.cfm?vn=211060
gvp-13605,1814-02-01,1814-02-15,Mayon eruption (VEI 4),nature,ASIA_SOUTH,exact,,"Global Volcanism Program, Volcanoes of the World, Smithsonian Institution",https://volcano.si.edu/volcano.cfm?vn=273030
gvp-13723,1787-06-04,1787-08-11,Etna eruption (VEI 4),nature,EUROPE,exact,,"Global Volcanism Program, Volcanoes of the World, Smithsonian Institution",https://volcano.si.edu/volcano.cfm?vn=211060
gvp-13883,726-07-15,,Santorini eruption (VEI 4),nature,EUROPE,exact,,"Global Volcanism Program, Volcanoes of the World, Smithsonian Institution",https://volcano.si.edu/volcano.cfm?vn=212040
gvp-13885,1650-09-27,1650-12-06,Kolumbo eruption (VEI 4),nature,EUROPE,exact,,"Global Volcanism Program, Volcanoes of the World, Smithsonian Institution",https://volcano.si.edu/volcano.cfm?vn=212042
gvp-14027,2050 BC,,Rungwe eruption (VEI 5),nature,AFRICA,approx,,"Global Volcanism Program, Volcanoes of the World, Smithsonian Institution",https://volcano.si.edu/volcano.cfm?vn=222166
gvp-14029,50 BC,,Rungwe eruption (VEI 4),nature,AFRICA,approx,100,"Global Volcanism Program, Volcanoes of the World, Smithsonian Institution",https://volcano.si.edu/volcano.cfm?vn=222166
gvp-14139,2000 BC,,"Marra, Jebel eruption (VEI 4)",nature,AFRICA,approx,,"Global Volcanism Program, Volcanoes of the World, Smithsonian Institution",https://volcano.si.edu/volcano.cfm?vn=225030
gvp-14143,3050 BC,,Meidob Volcanic Field eruption (VEI 4),nature,MIDDLE_EAST,approx,,"Global Volcanism Program, Volcanoes of the World, Smithsonian Institution",https://volcano.si.edu/volcano.cfm?vn=225050
gvp-14144,3000 BC,,Meidob Volcanic Field eruption (VEI 4),nature,MIDDLE_EAST,approx,,"Global Volcanism Program, Volcanoes of the World, Smithsonian Institution",https://volcano.si.edu/volcano.cfm?vn=225050
gvp-14432,1700 BC,,Taranaki eruption (VEI 5),nature,OCEANIA,approx,100,"Global Volcanism Program, Volcanoes of the World, Smithsonian Institution",https://volcano.si.edu/volcano.cfm?vn=241030
gvp-14458,1655,,Taranaki eruption (VEI 4),nature,OCEANIA,approx,,"Global Volcanism Program, Volcanoes of the World, Smithsonian Institution",https://volcano.si.edu/volcano.cfm?vn=241030
gvp-14501,1750 BC,,Okataina eruption (VEI 4),nature,OCEANIA,approx,,"Global Volcanism Program, Volcanoes of the World, Smithsonian Institution",https://volcano.si.edu/volcano.cfm?vn=241050
gvp-14505,1310,1315,Okataina eruption (VEI 5),nature,OCEANIA,approx,12,"Global Volcanism Program, Volcanoes of the World, Smithsonian Institution",https://volcano.si.edu/volcano.cfm?vn=241050
gvp-14506,1886-06-10,1886-08-16,Okataina eruption (VEI 5),nature,OCEANIA,exact,,"Global Volcanism Program, Volcanoes of the World, Smithsonian Institution",https://volcano.si.edu/volcano.cfm?vn=241050
gvp-14539,3170 BC,,Taupo eruption (VEI 4),nature,OCEANIA,approx,200,"Global Volcanism Program, Volcanoes of the World, Smithsonian Institution",https://volcano.si.edu/volcano.cfm?vn=241070
gvp-14541,3070 BC,,Taupo eruption (VEI 4),nature,OCEANIA,approx,,"Global Volcanism Program, Volcanoes of the World, Smithsonian Institution",https://volcano.si.edu/volcano.cfm?vn=241070
gvp-14542,2900 BC,,Taupo eruption (VEI 4),nature,OCEANIA,approx,,"Global Volcanism Program, Volcanoes of the World, Smithsonian Institution",https://volcano.si.edu/volcano.cfm?vn=241070
gvp-14545,2600 BC,,Taupo eruption (VEI 4),nature,OCEANIA,approx,,"Global Volcanism Program, Volcanoes of the World, Smithsonian Institution",https://volcano.si.edu/volcano.cfm?vn=241070
gvp-14547,1460 BC,,Taupo eruption (VEI 6),nature,OCEANIA,approx,40,"Global Volcanism Program, Volcanoes of the World, Smithsonian Institution",https://volcano.si.edu/volcano.cfm?vn=241070
gvp-14549,1050 BC,,Taupo eruption (VEI 4),nature,OCEANIA,approx,,"Global Volcanism Program, Volcanoes of the World, Smithsonian Institution",https://volcano.si.edu/volcano.cfm?vn=241070
gvp-14550,1010 BC,,Taupo eruption (VEI 4),nature,OCEANIA,approx,200,"Global Volcanism Program, Volcanoes of the World, Smithsonian Institution",https://volcano.si.edu/volcano.cfm?vn=241070
gvp-14552,200 BC,,Taupo eruption (VEI 4),nature,OCEANIA,approx,,"Global Volcanism Program, Volcanoes of the World, Smithsonian Institution",https://volcano.si.edu/volcano.cfm?vn=241070
gvp-14553,233-03-15,,Taupo eruption (VEI 6),nature,OCEANIA,approx,13,"Global Volcanism Program, Volcanoes of the World, Smithsonian Institution",https://volcano.si.edu/volcano.cfm?vn=241070
gvp-14559,550 BC,,Tongariro eruption (VEI 5),nature,OCEANIA,approx,200,"Global Volcanism Program, Volcanoes of the World, Smithsonian Institution",https://volcano.si.edu/volcano.cfm?vn=241080
gvp-14684,2000 BC,,Raoul Island eruption (VEI 4),nature,AMERICAS,approx,100,"Global Volcanism Program, Volcanoes of the World, Smithsonian Institution",https://volcano.si.edu/volcano.cfm?vn=242030
gvp-14685,1200 BC,,Raoul Island eruption (VEI 4),nature,AMERICAS,approx,150,"Global Volcanism Program, Volcanoes of the World, Smithsonian Institution",https://volcano.si.edu/volcano.cfm?vn=242030
gvp-14686,250 BC,,Raoul Island eruption (VEI 6),nature,AMERICAS,approx,75,"Global Volcanism Program, Volcanoes of the World, Smithsonian Institution",https://volcano.si.edu/volcano.cfm?vn=242030
gvp-14688,100,,Raoul Island eruption (VEI 4),nature,AMERICAS,approx,,"Global Volcanism Program, Volcanoes of the World, Smithsonian Institution",https://volcano.si.edu/volcano.cfm?vn=242030
gvp-14689,400,,Raoul Island eruption (VEI 4),nature,AMERICAS,approx,,"Global Volcanism Program, Volcanoes of the World, Smithsonian Institution",https://volcano.si.edu/volcano.cfm?vn=242030
gvp-14690,550,,Raoul Island eruption (VEI 4),nature,AMERICAS,approx,,"Global Volcanism Program, Volcanoes of the World, Smithsonian Institution",https://volcano.si.edu/volcano.cfm?vn=242030
gvp-14692,850,,Raoul Island eruption (VEI 4),nature,AMERICAS,approx,,"Global Volcanism Program, Volcanoes of the World, Smithsonian Institution",https://volcano.si.edu/volcano.cfm?vn=242030
gvp-14694,1630,,Raoul Island eruption (VEI 4),nature,AMERICAS,approx,50,"Global Volcanism Program, Volcanoes of the World, Smithsonian Institution",https://volcano.si.edu/volcano.cfm?vn=242030
gvp-14695,1720,,Raoul Island eruption (VEI 4),nature,AMERICAS,approx,50,"Global Volcanism Program, Volcanoes of the World, Smithsonian Institution",https://volcano.si.edu/volcano.cfm?vn=242030
gvp-14779,1846-06-11,1846-10-10,Fonualei eruption (VEI 4),nature,AMERICAS,exact,,"Global Volcanism Program, Volcanoes of the World, Smithsonian Institution",https://volcano.si.edu/volcano.cfm?vn=243100
gvp-14789,1886-08-31,1886-09-18,Niuafo'ou eruption (VEI 4),nature,AMERICAS,exact,,"Global Volcanism Program, Volcanoes of the World, Smithsonian Institution",https://volcano.si.edu/volcano.cfm?vn=243110
gvp-14907,1919-08-11,,Manam eruption (VEI 4),nature,ASIA_SOUTH,exact,,"Global Volcanism Program, Volcanoes of the World, Smithsonian Institution",https://volcano.si.edu/volcano.cfm?vn=251020
gvp-14934,2004-10-24,2009-12-12,Manam eruption (VEI 4),nature,ASIA_SOUTH,exact,,"Global Volcanism Program, Volcanoes of the World, Smithsonian Institution",https://volcano.si.edu/volcano.cfm?vn=251020
gvp-14938,520,,Karkar eruption (VEI 4),nature,ASIA_SOUTH,approx,100,"Global Volcanism Program, Volcanoes of the World, Smithsonian Institution",https://volcano.si.edu/volcano.cfm?vn=251030
gvp-14939,730,,Karkar eruption (VEI 4),nature,ASIA_SOUTH,approx,,"Global Volcanism Program, Volcanoes of the World, Smithsonian Institution",https://volcano.si.edu/volcano.cfm?vn=251030
gvp-14954,2040 BC,,Long Island eruption (VEI 6),nature,ASIA_SOUTH,approx,110,"Global Volcanism Program, Volcanoes of the World, Smithsonian Institution",https://volcano.si.edu/volcano.cfm?vn=251050
gvp-14955,1660,,Long Island eruption (VEI 6),nature,ASIA_SOUTH,approx,20,"Global Volcanism Program, Volcanoes of the World, Smithsonian Institution",https://volcano.si.edu/volcano.cfm?vn=251050
gvp-15004,653,,Dakataua eruption (VEI 6),nature,OCEANIA,approx,18,"Global Volcanism Program, Volcanoes of the World, Smithsonian Institution",https://volcano.si.edu/volcano.cfm?vn=252040
gvp-15012,1370 BC,,Witori eruption (VEI 6),nature,OCEANIA,approx,160,"Global Volcanism Program, Volcanoes of the World, Smithsonian Institution",https://volcano.si.edu/volcano.cfm?vn=252080
gvp-15014,310,,Witori eruption (VEI 5),nature,OCEANIA,approx,100,"Global Volcanism Program, Volcanoes of the World, Smithsonian Institution",https://volcano.si.edu/volcano.cfm?vn=252080
gvp-15015,690,,Witori eruption (VEI 5),nature,OCEANIA,approx,90,"Global Volcanism Program, Volcanoes of the World, Smithsonian Institution",https://volcano.si.edu/volcano.cfm?vn=252080
gvp-15016,710,,Witori eruption (VEI 6),nature,OCEANIA,approx,75,"Global Volcanism Program, Volcanoes of the World, Smithsonian Institution",https://volcano.si.edu/volcano.cfm?vn=252080
gvp-15020,1550,,Witori eruption (VEI 4),nature,OCEANIA,approx,,"Global Volcanism Program, Volcanoes of the World, Smithsonian Institution",https://volcano.si.edu/volcano.cfm?vn=252080
gvp-15022,1800-07-02,,Witori eruption (VEI 4),nature,OCEANIA,approx,,"Global Volcanism Program, Volcanoes of the World, Smithsonian Institution",https://volcano.si.edu/volcano.cfm?vn=252080
gvp-15063,2000-09-28,2000-11-01,Ulawun eruption (VEI 4),nature,OCEANIA,exact,,"Global Volcanism Program, Volcanoes of the World, Smithsonian Institution",https://volcano.si.edu/volcano.cfm?vn=252120
gvp-15080,1100,,Lolobau eruption (VEI 4),nature,OCEANIA,approx,30,"Global Volcanism Program, Volcanoes of the World, Smithsonian Institution",https://volcano.si.edu/volcano.cfm?vn=252130
gvp-15081,1904-08-09,1905-10-18,Lolobau eruption (VEI 4),nature,OCEANIA,exact,,"Global Volcanism Program, Volcanoes of the World, Smithsonian Institution",https://volcano.si.edu/volcano.cfm?vn=252130
gvp-15083,1911-07-02,1912-07-02,Lolobau eruption (VEI 4),nature,OCEANIA,exact,,"Global Volcanism Program, Volcanoes of the World, Smithsonian Institution",https://volcano.si.edu/volcano.cfm?vn=252130
gvp-15084,683,,Rabaul eruption (VEI 6),nature,OCEANIA,approx,2,"Global Volcanism Program, Volcanoes of the World, Smithsonian Institution",https://volcano.si.edu/volcano.cfm?vn=252140
gvp-15090,1937-05-29,1937-06-02,Rabaul eruption (VEI 4),nature,OCEANIA,exact,,"Global Volcanism Program, Volcanoes of the World, Smithsonian Institution",https://volcano.si.edu/volcano.cfm?vn=252140
gvp-15096,1994-09-19,1995-04-16,Rabaul eruption (VEI 4),nature,OCEANIA,exact,,"Global Volcanism Program, Volcanoes of the World, Smithsonian Institution",https://volcano.si.edu/volcano.cfm?vn=252140
gvp-15100,2006-08-11,2010-01-31,Rabaul eruption (VEI 4),nature,OCEANIA,exact,,"Global Volcanism Program, Volcanoes of the World, Smithsonian Institution",https://volcano.si.edu/volcano.cfm?vn=252140
gvp-15105,1951-01-17,1956-07-02,Lamington eruption (VEI 4),nature,ASIA_SOUTH,exact,,"Global Volcanism Program, Volcanoes of the World, Smithsonian Institution",https://volcano.si.edu/volcano.cfm?vn=253010
gvp-15111,1032,,Billy Mitchell eruption (VEI 5),nature,OCEANIA,approx,23,"Global Volcanism Program, Volcanoes of the World, Smithsonian Institution",https://volcano.si.edu/volcano.cfm?vn=255011
gvp-15112,1580,,Billy Mitchell eruption (VEI 6),nature,OCEANIA,approx,19,"Global Volcanism Program, Volcanoes of the World, Smithsonian Institution",https://volcano.si.edu/volcano.cfm?vn=255011
gvp-15128,1952-02-29,1952-10-16,Bagana eruption (VEI 4),nature,OCEANIA,exact,,"Global Volcanism Program, Volcanoes of the World, Smithsonian Institution",https://volcano.si.edu/volcano.cfm?vn=255020
gvp-15238,50,,Ambrym eruption (VEI 6),nature,OCEANIA,approx,100,"Global Volcanism Program, Volcanoes of the World, Smithsonian Institution",https://volcano.si.edu/volcano.cfm?vn=257040
gvp-15262,1950-12-06,1951-11-25,Ambrym eruption (VEI 4),nature,OCEANIA,exact,,"Global Volcanism Program, Volcanoes of the World, Smithsonian Institution",https://volcano.si.edu/volcano.cfm?vn=257040
gvp-15579,1933-07-10,1933-08-05,Suoh eruption (VEI 4),nature,ASIA_SOUTH,exact,,"Global Volcanism Program, Volcanoes of the World, Smithsonian Institution",https://volcano.si.edu/volcano.cfm?vn=261270
gvp-15581,535,,Krakatau eruption (VEI 4),nature,ASIA_SOUTH,approx,,"Global Volcanism Program, Volcanoes of the World, Smithsonian Institution",https://volcano.si.edu/volcano.cfm?vn=262000
gvp-15716,2250 BC,,Galunggung eruption (VEI 5),nature,ASIA_SOUTH,approx,150,"Global Volcanism Program, Volcanoes of the World, Smithsonian Institution",https://volcano.si.edu/volcano.cfm?vn=263140
gvp-15718,1822-10-08,1822-12-01,Galunggung eruption (VEI 5),nature,ASIA_SOUTH,exact,,"Global Volcanism Program, Volcanoes of the World, Smithsonian Institution",https://volcano.si.edu/volcano.cfm?vn=263140
gvp-15721,1982-04-05,1983-01-08,Galunggung eruption (VEI 4),nature,ASIA_SOUTH,exact,,"Global Volcanism Program, Volcanoes of the World, Smithsonian Institution",https://volcano.si.edu/volcano.cfm?vn=263140
gvp-15820,1180 BC,,Merapi eruption (VEI 4),nature,ASIA_SOUTH,approx,75,"Global Volcanism Program, Volcanoes of the World, Smithsonian Institution",https://volcano.si.edu/volcano.cfm?vn=263250
gvp-15824,20,,Merapi eruption (VEI 4),nature,ASIA_SOUTH,approx,300,"Global Volcanism Program, Volcanoes of the World, Smithsonian Institution",https://volcano.si.edu/volcano.cfm?vn=263250
gvp-15878,1872-04-15,1872-04-21,Merapi eruption (VEI 4),nature,ASIA_SOUTH,exact,,"Global Volcanism Program, Volcanoes of the World, Smithsonian Institution",https://volcano.si.edu/volcano.cfm?vn=263250
gvp-15925,2010-10-26,2010-11-29,Merapi eruption (VEI 4),nature,ASIA_SOUTH,exact,,"Global Volcanism Program, Volcanoes of the World, Smithsonian Institution",https://volcano.si.edu/volcano.cfm?vn=263250
gvp-15933,1586,,Kelud eruption (VEI 5),nature,ASIA_SOUTH,year,,"Global Volcanism Program, Volcanoes of the World, Smithsonian Institution",https://volcano.si.edu/volcano.cfm?vn=263280
gvp-15934,1641,,Kelud eruption (VEI 4),nature,ASIA_SOUTH,year,,"Global Volcanism Program, Volcanoes of the World, Smithsonian Institution",https://volcano.si.edu/volcano.cfm?vn=263280
gvp-15944,1826-10-11,1826-10-25,Kelud eruption (VEI 4),nature,ASIA_SOUTH,exact,,"Global Volcanism Program, Volcanoes of the World, Smithsonian Institution",https://volcano.si.edu/volcano.cfm?vn=263280
gvp-15953,1919-05-19,1919-05-20,Kelud eruption (VEI 4),nature,ASIA_SOUTH,exact,,"Global Volcanism Program, Volcanoes of the World, Smithsonian Institution",https://volcano.si.edu/volcano.cfm?vn=263280
gvp-15955,1951-08-31,,Kelud eruption (VEI 4),nature,ASIA_SOUTH,exact,,"Global Volcanism Program, Volcanoes of the World, Smithsonian Institution",https://volcano.si.edu/volcano.cfm?vn=263280
gvp-15956,1966-04-26,1966-04-27,Kelud eruption (VEI 4),nature,ASIA_SOUTH,exact,,"Global Volcanism Program, Volcanoes of the World, Smithsonian Institution",https://volcano.si.edu/volcano.cfm?vn=263280
gvp-15957,1990-02-10,1990-03-13,Kelud eruption (VEI 4),nature,ASIA_SOUTH,exact,,"Global Volcanism Program, Volcanoes of the World, Smithsonian Institution",https://volcano.si.edu/volcano.cfm?vn=263280
gvp-16009,830 BC,,Tengger Caldera eruption (VEI 4),nature,ASIA_SOUTH,approx,50,"Global Volcanism Program, Volcanoes of the World, Smithsonian Institution",https://volcano.si.edu/volcano.cfm?vn=263310
gvp-16105,1593,,Raung eruption (VEI 5),nature,ASIA_SOUTH,year,,"Global Volcanism Program, Volcanoes of the World, Smithsonian Institution",https://volcano.si.edu/volcano.cfm?vn=263340
gvp-16107,1638,,Raung eruption (VEI 4),nature,ASIA_SOUTH,year,,"Global Volcanism Program, Volcanoes of the World, Smithsonian Institution",https://volcano.si.edu/volcano.cfm?vn=263340
gvp-16113,1817-01-16,1817-02-10,Raung eruption (VEI 4),nature,ASIA_SOUTH,exact,,"Global Volcanism Program, Volcanoes of the World, Smithsonian Institution",https://volcano.si.edu/volcano.cfm?vn=263340
gvp-16209,1843-07-02,,Agung eruption (VEI 5),nature,ASIA_SOUTH,exact,,"Global Volcanism Program, Volcanoes of the World, Smithsonian Institution",https://volcano.si.edu/volcano.cfm?vn=264020
gvp-16210,1963-02-18,1964-01-27,Agung eruption (VEI 5),nature,ASIA_SOUTH,exact,,"Global Volcanism Program, Volcanoes of the World, Smithsonian Institution",https://volcano.si.edu/volcano.cfm?vn=264020
gvp-16231,1812-07-02,1815-07-15,Tambora eruption (VEI 7),nature,ASIA_SOUTH,exact,,"Global Volcanism Program, Volcanoes of the World, Smithsonian Institution",https://volcano.si.edu/volcano.cfm?vn=264040
gvp-16375,1660-02,,Teon eruption (VEI 4),nature,ASIA_SOUTH,year,,"Global Volcanism Program, Volcanoes of the World, Smithsonian Institution",https://volcano.si.edu/volcano.cfm?vn=265050
gvp-16386,1693-06-04,1693-07,Serua eruption (VEI 4),nature,ASIA_SOUTH,exact,,"Global Volcanism Program, Volcanoes of the World, Smithsonian Institution",https://volcano.si.edu/volcano.cfm?vn=265070
gvp-16423,1983-07-18,1983-12-16,Colo eruption (VEI 4),nature,ASIA_SOUTH,exact,,"Global Volcanism Program, Volcanoes of the World, Smithsonian Institution",https://volcano.si.edu/volcano.cfm?vn=266010
gvp-16471,1680,,Tangkoko-Duasudara eruption (VEI 5),nature,ASIA_SOUTH,year,,"Global Volcanism Program, Volcanoes of the World, Smithsonian Institution",https://volcano.si.edu/volcano.cfm?vn=266130
gvp-16493,2002-09-25,2002-09-29,Ruang eruption (VEI 4),nature,ASIA_SOUTH,exact,,"Global Volcanism Program, Volcanoes of the World, Smithsonian Institution",https://volcano.si.edu/volcano.cfm?vn=267010
gvp-16556,1812-08-06,1812-08-08,Awu eruption (VEI 4),nature,ASIA_SOUTH,exact,,"Global Volcanism Program, Volcanoes of the World, Smithsonian Institution",https://volcano.si.edu/volcano.cfm?vn=267040
gvp-16567,1966-08-12,1966-10-16,Awu eruption (VEI 4),nature,ASIA_SOUTH,exact,,"Global Volcanism Program, Volcanoes of the World, Smithsonian Institution",https://volcano.si.edu/volcano.cfm?vn=267040
gvp-16584,1673-05-20,,Gamkonora eruption (VEI 5),nature,ASIA_SOUTH,exact,,"Global Volcanism Program, Volcanoes of the World, Smithsonian Institution",https://volcano.si.edu/volcano.cfm?vn=268040
gvp-16680,1646-07-19,1646-07-21,Kie Besi eruption (VEI 4),nature,ASIA_SOUTH,exact,,"Global Volcanism Program, Volcanoes of the World, Smithsonian Institution",https://volcano.si.edu/volcano.cfm?vn=268070
gvp-16682,1760-09-22,1761-04-30,Kie Besi eruption (VEI 4),nature,ASIA_SOUTH,exact,,"Global Volcanism Program, Volcanoes of the World, Smithsonian Institution",https://volcano.si.edu/volcano.cfm?vn=268070
gvp-16685,1861-12-28,1862-10-16,Kie Besi eruption (VEI 4),nature,ASIA_SOUTH,exact,,"Global Volcanism Program, Volcanoes of the World, Smithsonian Institution",https://volcano.si.edu/volcano.cfm?vn=268070
gvp-16692,1920 BC,,Melebingoy eruption (VEI 4),nature,ASIA_SOUTH,approx,40,"Global Volcanism Program, Volcanoes of the World, Smithsonian Institution",https://volcano.si.edu/volcano.cfm?vn=271011
gvp-16693,1380,,Melebingoy eruption (VEI 4),nature,ASIA_SOUTH,approx,75,"Global Volcanism Program, Volcanoes of the World, Smithsonian Institution",https://volcano.si.edu/volcano.cfm?vn=271011
gvp-16694,1640-12-26,1641-01-04,Melebingoy eruption (VEI 5),nature,ASIA_SOUTH,exact,,"Global Volcanism Program, Volcanoes of the World, Smithsonian Institution",https://volcano.si.edu/volcano.cfm?vn=271011
gvp-16794,1897-05-23,1897-07-23,Mayon eruption (VEI 4),nature,ASIA_SOUTH,exact,,"Global Volcanism Program, Volcanoes of the World, Smithsonian Institution",https://volcano.si.edu/volcano.cfm?vn=273030
gvp-16837,1716-09-24,1716-09-27,Taal eruption (VEI 4),nature,ASIA_SOUTH,exact,,"Global Volcanism Program, Volcanoes of the World, Smithsonian Institution",https://volcano.si.edu/volcano.cfm?vn=273070
gvp-16840,1749-08-11,1749-09,Taal eruption (VEI 4),nature,ASIA_SOUTH,exact,,"Global Volcanism Program, Volcanoes of the World, Smithsonian Institution",https://volcano.si.edu/volcano.cfm?vn=273070
gvp-16841,1754-05-15,1754-12-04,Taal eruption (VEI 4),nature,ASIA_SOUTH,exact,,"Global Volcanism Program, Volcanoes of the World, Smithsonian Institution",https://volcano.si.edu/volcano.cfm?vn=273070
gvp-16853,1965-09-28,1965-09-30,Taal eruption (VEI 4),nature,ASIA_SOUTH,exact,,"Global Volcanism Program, Volcanoes of the World, Smithsonian Institution",https://volcano.si.edu/volcano.cfm?vn=273070
gvp-16865,1050 BC,,Pinatubo eruption (VEI 6),nature,ASIA_SOUTH,approx,500,"Global Volcanism Program, Volcanoes of the World, Smithsonian Institution",https://volcano.si.edu/volcano.cfm?vn=273083
gvp-16866,1450,,Pinatubo eruption (VEI 5),nature,ASIA_SOUTH,approx,50,"Global Volcanism Program, Volcanoes of the World, Smithsonian Institution",https://volcano.si.edu/volcano.cfm?vn=273083
gvp-16910,1924-10-31,,Submarine Volcano NNE of Iriomotejima eruption (VEI 4),nature,ASIA_EAST,exact,,"Global Volcanism Program, Volcanoes of the World, Smithsonian Institution",https://volcano.si.edu/volcano.cfm?vn=282010
gvp-16921,1600,,Suwanosejima eruption (VEI 4),nature,ASIA_EAST,approx,,"Global Volcanism Program, Volcanoes of the World, Smithsonian Institution",https://volcano.si.edu/volcano.cfm?vn=282030
gvp-16922,1813-07-02,1814-07-02,Suwanosejima eruption (VEI 4),nature,ASIA_EAST,exact,,"Global Volcanism Program, Volcanoes of the World, Smithsonian Institution",https://volcano.si.edu/volcano.cfm?vn=282030
gvp-16923,1877-07-02,,Suwanosejima eruption (VEI 4),nature,ASIA_EAST,exact,,"Global Volcanism Program, Volcanoes of the World, Smithsonian Institution",https://volcano.si.edu/volcano.cfm?vn=282030
gvp-16926,1889-10-02,1889-10-13,Suwanosejima eruption (VEI 4),nature,ASIA_EAST,exact,,"Global Volcanism Program, Volcanoes of the World, Smithsonian Institution",https://volcano.si.edu/volcano.cfm?vn=282030
gvp-16971,1933-12-23,1934-01-12,Kuchinoerabujima eruption (VEI 4),nature,ASIA_EAST,exact,,"Global Volcanism Program, Volcanoes of the World, Smithsonian Institution",https://volcano.si.edu/volcano.cfm?vn=282050
gvp-17006,2690 BC,,Ata eruption (VEI 5),nature,ASIA_EAST,approx,75,"Global Volcanism Program, Volcanoes of the World, Smithsonian Institution",https://volcano.si.edu/volcano.cfm?vn=282070
gvp-17007,2010 BC,,Ata eruption (VEI 4),nature,ASIA_EAST,approx,,"Global Volcanism Program, Volcanoes of the World, Smithsonian Institution",https://volcano.si.edu/volcano.cfm?vn=282070
gvp-17008,1780 BC,,Ata eruption (VEI 4),nature,ASIA_EAST,approx,,"Global Volcanism Program, Volcanoes of the World, Smithsonian Institution",https://volcano.si.edu/volcano.cfm?vn=282070
gvp-17011,1500 BC,,Ata eruption (VEI 4),nature,ASIA_EAST,approx,,"Global Volcanism Program, Volcanoes of the World, Smithsonian Institution",https://volcano.si.edu/volcano.cfm?vn=282070
gvp-17014,650 BC,,Ata eruption (VEI 4),nature,ASIA_EAST,approx,,"Global Volcanism Program, Volcanoes of the World, Smithsonian Institution",https://volcano.si.edu/volcano.cfm?vn=282070
gvp-17015,270 BC,,Ata eruption (VEI 4),nature,ASIA_EAST,approx,,"Global Volcanism Program, Volcanoes of the World, Smithsonian Institution",https://volcano.si.edu/volcano.cfm?vn=282070
gvp-17016,80 BC,,Ata eruption (VEI 4),nature,ASIA_EAST,approx,,"Global Volcanism Program, Volcanoes of the World, Smithsonian Institution",https://volcano.si.edu/volcano.cfm?vn=282070
gvp-17018,130,,Ata eruption (VEI 4),nature,ASIA_EAST,approx,,"Global Volcanism Program, Volcanoes of the World, Smithsonian Institution",https://volcano.si.edu/volcano.cfm?vn=282070
gvp-17019,150,,Ata eruption (VEI 4),nature,ASIA_EAST,approx,,"Global Volcanism Program, Volcanoes of the World, Smithsonian Institution",https://volcano.si.edu/volcano.cfm?vn=282070
gvp-17022,600,,Ata eruption (VEI 4),nature,ASIA_EAST,approx,,"Global Volcanism Program, Volcanoes of the World, Smithsonian Institution",https://volcano.si.edu/volcano.cfm?vn=282070
gvp-17023,660,,Ata eruption (VEI 4),nature,ASIA_EAST,approx,,"Global Volcanism Program, Volcanoes of the World, Smithsonian Institution",https://volcano.si.edu/volcano.cfm?vn=282070
gvp-17024,720,,Ata eruption (VEI 4),nature,ASIA_EAST,approx,,"Global Volcanism Program, Volcanoes of the World, Smithsonian Institution",https://volcano.si.edu/volcano.cfm?vn=282070
gvp-17025,770,,Ata eruption (VEI 4),nature,ASIA_EAST,approx,,"Global Volcanism Program, Volcanoes of the World, Smithsonian Institution",https://volcano.si.edu/volcano.cfm?vn=282070
gvp-17028,874-03-29,874-07,Ata eruption (VEI 4),nature,ASIA_EAST,exact,,"Global Volcanism Program, Volcanoes of the World, Smithsonian Institution",https://volcano.si.edu/volcano.cfm?vn=282070
gvp-17030,885-08-29,885-09-28,Ata eruption (VEI 4),nature,ASIA_EAST,exact,,"Global Volcanism Program, Volcanoes of the World, Smithsonian Institution",https://volcano.si.edu/volcano.cfm?vn=282070
gvp-17041,3050 BC,,Aira eruption (VEI 4),nature,ASIA_EAST,approx,,"Global Volcanism Program, Volcanoes of the World, Smithsonian Institution",https://volcano.si.edu/volcano.cfm?vn=282080
gvp-17042,2900 BC,,Aira eruption (VEI 4),nature,ASIA_EAST,approx,,"Global Volcanism Program, Volcanoes of the World, Smithsonian Institution",https://volcano.si.edu/volcano.cfm?vn=282080
gvp-17047,764-01,,Aira eruption (VEI 4),nature,ASIA_EAST,approx,,"Global Volcanism Program, Volcanoes of the World, Smithsonian Institution",https://volcano.si.edu/volcano.cfm?vn=282080
gvp-17051,1471-11-03,1476-10-08,Aira eruption (VEI 5),nature,ASIA_EAST,exact,,"Global Volcanism Program, Volcanoes of the World, Smithsonian Institution",https://volcano.si.edu/volcano.cfm?vn=282080
gvp-17061,1779-11-08,1781-05,Aira eruption (VEI 4),nature,ASIA_EAST,exact,,"Global Volcanism Program, Volcanoes of the World, Smithsonian Institution",https://volcano.si.edu/volcano.cfm?vn=282080
gvp-17077,1914-01-12,1915-05-16,Aira eruption (VEI 4),nature,ASIA_EAST,exact,,"Global Volcanism Program, Volcanoes of the World, Smithsonian Institution",https://volcano.si.edu/volcano.cfm?vn=282080
gvp-17095,2650 BC,,Kirishimayama eruption (VEI 4),nature,ASIA_EAST,approx,,"Global Volcanism Program, Volcanoes of the World, Smithsonian Institution",https://volcano.si.edu/volcano.cfm?vn=282090
gvp-17100,788-04-18,,Kirishimayama eruption (VEI 4),nature,ASIA_EAST,exact,,"Global Volcanism Program, Volcanoes of the World, Smithsonian Institution",https://volcano.si.edu/volcano.cfm?vn=282090
gvp-17112,1235-01-25,,Kirishimayama eruption (VEI 4),nature,ASIA_EAST,exact,,"Global Volcanism Program, Volcanoes of the World, Smithsonian Institution",https://volcano.si.edu/volcano.cfm?vn=282090
gvp-17357,2440 BC,,Kujusan eruption (VEI 4),nature,ASIA_EAST,approx,300,"Global Volcanism Program, Volcanoes of the World, Smithsonian Institution",https://volcano.si.edu/volcano.cfm?vn=282120
gvp-17359,990 BC,,Kujusan eruption (VEI 4),nature,ASIA_EAST,approx,940,"Global Volcanism Program, Volcanoes of the World, Smithsonian Institution",https://volcano.si.edu/volcano.cfm?vn=282120
gvp-17360,100 BC,,Kujusan eruption (VEI 4),nature,ASIA_EAST,approx,300,"Global Volcanism Program, Volcanoes of the World, Smithsonian Institution",https://volcano.si.edu/volcano.cfm?vn=282120
gvp-17366,200 BC,,Yufu-Tsurumi eruption (VEI 4),nature,ASIA_EAST,approx,50,"Global Volcanism Program, Volcanoes of the World, Smithsonian Institution",https://volcano.si.edu/volcano.cfm?vn=282130
gvp-17371,1920 BC,,Sanbesan eruption (VEI 4),nature,ASIA_EAST,approx,,"Global Volcanism Program, Volcanoes of the World, Smithsonian Institution",https://volcano.si.edu/volcano.cfm?vn=283002
gvp-17374,2100 BC,,Izu-Tobu eruption (VEI 4),nature,ASIA_EAST,approx,100,"Global Volcanism Program, Volcanoes of the World, Smithsonian Institution",https://volcano.si.edu/volcano.cfm?vn=283010
gvp-17376,1150 BC,,Izu-Tobu eruption (VEI 4),nature,ASIA_EAST,approx,50,"Global Volcanism Program, Volcanoes of the World, Smithsonian Institution",https://volcano.si.edu/volcano.cfm?vn=283010
gvp-17409,1350 BC,,Fujisan eruption (VEI 5),nature,ASIA_EAST,approx,,"Global Volcanism Program, Volcanoes of the World, Smithsonian Institution",https://volcano.si.edu/volcano.cfm?vn=283030
gvp-17411,1030 BC,,Fujisan eruption (VEI 4),nature,ASIA_EAST,approx,,"Global Volcanism Program, Volcanoes of the World, Smithsonian Institution",https://volcano.si.edu/volcano.cfm?vn=283030
gvp-17413,930 BC,,Fujisan eruption (VEI 5),nature,ASIA_EAST,approx,,"Global Volcanism Program, Volcanoes of the World, Smithsonian Institution",https://volcano.si.edu/volcano.cfm?vn=283030
gvp-17433,800-04-11,802-02-06,Fujisan eruption (VEI 4),nature,ASIA_EAST,exact,,"Global Volcanism Program, Volcanoes of the World, Smithsonian Institution",https://volcano.si.edu/volcano.cfm?vn=283030
gvp-17452,1707-12-16,1708-02-24,Fujisan eruption (VEI 5),nature,ASIA_EAST,exact,,"Global Volcanism Program, Volcanoes of the World, Smithsonian Institution",https://volcano.si.edu/volcano.cfm?vn=283030
gvp-17465,200 BC,,Hakusan eruption (VEI 4),nature,ASIA_EAST,approx,,"Global Volcanism Program, Volcanoes of the World, Smithsonian Institution",https://volcano.si.edu/volcano.cfm?vn=283050
gvp-17491,350 BC,,Yakedake eruption (VEI 4),nature,ASIA_EAST,approx,,"Global Volcanism Program, Volcanoes of the World, Smithsonian Institution",https://volcano.si.edu/volcano.cfm?vn=283070
gvp-17536,887,,Niigata-Yakeyama eruption (VEI 4),nature,ASIA_EAST,approx,,"Global Volcanism Program, Volcanoes of the World, Smithsonian Institution",https://volcano.si.edu/volcano.cfm?vn=283090
gvp-17558,2750 BC,,Myokosan eruption (VEI 4),nature,ASIA_EAST,approx,100,"Global Volcanism Program, Volcanoes of the World, Smithsonian Institution",https://volcano.si.edu/volcano.cfm?vn=283100
gvp-17576,838-08-02,,Kozushima eruption (VEI 4),nature,ASIA_EAST,exact,,"Global Volcanism Program, Volcanoes of the World, Smithsonian Institution",https://volcano.si.edu/volcano.cfm?vn=284030
gvp-17580,2900 BC,,Miyakejima eruption (VEI 4),nature,ASIA_EAST,approx,500,"Global Volcanism Program, Volcanoes of the World, Smithsonian Institution",https://volcano.si.edu/volcano.cfm?vn=284040
gvp-17585,950 BC,,Miyakejima eruption (VEI 4),nature,ASIA_EAST,approx,200,"Global Volcanism Program, Volcanoes of the World, Smithsonian Institution",https://volcano.si.edu/volcano.cfm?vn=284040
gvp-17588,260,,Miyakejima eruption (VEI 4),nature,ASIA_EAST,approx,500,"Global Volcanism Program, Volcanoes of the World, Smithsonian Institution",https://volcano.si.edu/volcano.cfm?vn=284040
gvp-17621,1933-01-08,1933-04-14,Kharimkotan eruption (VEI 5),nature,ASIA_EAST,exact,,"Global Volcanism Program, Volcanoes of the World, Smithsonian Institution",https://volcano.si.edu/volcano.cfm?vn=290300
gvp-17635,1550,,Maly Semyachik eruption (VEI 4),nature,ASIA_EAST,approx,,"Global Volcanism Program, Volcanoes of the World, Smithsonian Institution",https://volcano.si.edu/volcano.cfm?vn=300140
gvp-17649,3200 BC,,Sheveluch eruption (VEI 4),nature,ASIA_EAST,approx,,"Global Volcanism Program, Volcanoes of the World, Smithsonian Institution",https://volcano.si.edu/volcano.cfm?vn=300270
gvp-17653,2620 BC,,Sheveluch eruption (VEI 5),nature,ASIA_EAST,approx,300,"Global Volcanism Program, Volcanoes of the World, Smithsonian Institution",https://volcano.si.edu/volcano.cfm?vn=300270
gvp-17656,2200 BC,,Sheveluch eruption (VEI 4),nature,ASIA_EAST,approx,,"Global Volcanism Program, Volcanoes of the World, Smithsonian Institution",https://volcano.si.edu/volcano.cfm?vn=300270
gvp-17658,2100 BC,,Sheveluch eruption (VEI 5),nature,ASIA_EAST,approx,,"Global Volcanism Program, Volcanoes of the World, Smithsonian Institution",https://volcano.si.edu/volcano.cfm?vn=300270
gvp-17659,2000 BC,,Sheveluch eruption (VEI 5),nature,ASIA_EAST,approx,,"Global Volcanism Program, Volcanoes of the World, Smithsonian Institution",https://volcano.si.edu/volcano.cfm?vn=300270
gvp-17660,1700 BC,,Sheveluch eruption (VEI 4),nature,ASIA_EAST,approx,,"Global Volcanism Program, Volcanoes of the World, Smithsonian Institution",https://volcano.si.edu/volcano.cfm?vn=300270
gvp-17665,950 BC,,Sheveluch eruption (VEI 5),nature,ASIA_EAST,approx,,"Global Volcanism Program, Volcanoes of the World, Smithsonian Institution",https://volcano.si.edu/volcano.cfm?vn=300270
gvp-17674,2550 BC,,Asamayama eruption (VEI 4),nature,ASIA_EAST,approx,500,"Global Volcanism Program, Volcanoes of the World, Smithsonian Institution",https://volcano.si.edu/volcano.cfm?vn=283110
gvp-17676,350-11-15,,Asamayama eruption (VEI 4),nature,ASIA_EAST,approx,10,"Global Volcanism Program, Volcanoes of the World, Smithsonian Institution",https://volcano.si.edu/volcano.cfm?vn=283110
gvp-17679,1108-08-29,1108-10,Asamayama eruption (VEI 5),nature,ASIA_EAST,exact,,"Global Volcanism Program, Volcanoes of the World, Smithsonian Institution",https://volcano.si.edu/volcano.cfm?vn=283110
gvp-17748,1783-05-09,1783-08-05,Asamayama eruption (VEI 4),nature,ASIA_EAST,exact,,"Global Volcanism Program, Volcanoes of the World, Smithsonian Institution",https://volcano.si.edu/volcano.cfm?vn=283110
gvp-17814,520-06-01,,Harunasan eruption (VEI 4),nature,ASIA_EAST,approx,10,"Global Volcanism Program, Volcanoes of the World, Smithsonian Institution",https://volcano.si.edu/volcano.cfm?vn=283122
gvp-17815,550-06-01,,Harunasan eruption (VEI 5),nature,ASIA_EAST,approx,10,"Global Volcanism Program, Volcanoes of the World, Smithsonian Institution",https://volcano.si.edu/volcano.cfm?vn=283122
gvp-17819,1120 BC,,Kusatsu-Shiranesan eruption (VEI 4),nature,ASIA_EAST,approx,150,"Global Volcanism Program, Volcanoes of the World, Smithsonian Institution",https://volcano.si.edu/volcano.cfm?vn=283120
gvp-17865,3400 BC,,Numazawa eruption (VEI 5),nature,ASIA_EAST,approx,,"Global Volcanism Program, Volcanoes of the World, Smithsonian Institution",https://volcano.si.edu/volcano.cfm?vn=283151
gvp-17900,1888-07-15,,Bandaisan eruption (VEI 4),nature,ASIA_EAST,exact,,"Global Volcanism Program, Volcanoes of the World, Smithsonian Institution",https://volcano.si.edu/volcano.cfm?vn=283160
gvp-17948,300,,Zaozan [Zaosan] eruption (VEI 4),nature,ASIA_EAST,approx,200,"Global Volcanism Program, Volcanoes of the World, Smithsonian Institution",https://volcano.si.edu/volcano.cfm?vn=283190
gvp-18098,750 BC,,Towada eruption (VEI 4),nature,ASIA_EAST,approx,,"Global Volcanism Program, Volcanoes of the World, Smithsonian Institution",https://volcano.si.edu/volcano.cfm?vn=283271
gvp-18099,915-08-17,,Towada eruption (VEI 5),nature,ASIA_EAST,exact,,"Global Volcanism Program, Volcanoes of the World, Smithsonian Institution",https://volcano.si.edu/volcano.cfm?vn=283271
gvp-18162,340,,Izu-Oshima eruption (VEI 4),nature,ASIA_EAST,approx,200,"Global Volcanism Program, Volcanoes of the World, Smithsonian Institution",https://volcano.si.edu/volcano.cfm?vn=284010
gvp-18167,680,681-03-26,Izu-Oshima eruption (VEI 4),nature,ASIA_EAST,approx,,"Global Volcanism Program, Volcanoes of the World, Smithsonian Institution",https://volcano.si.edu/volcano.cfm?vn=284010
gvp-18173,854-09-14,856,Izu-Oshima eruption (VEI 4),nature,ASIA_EAST,approx,,"Global Volcanism Program, Volcanoes of the World, Smithsonian Institution",https://volcano.si.edu/volcano.cfm?vn=284010
gvp-18174,886-06-29,,Izu-Oshima eruption (VEI 4),nature,ASIA_EAST,approx,,"Global Volcanism Program, Volcanoes of the World, Smithsonian Institution",https://volcano.si.edu/volcano.cfm?vn=284010
gvp-18177,1183,,Izu-Oshima eruption (VEI 4),nature,ASIA_EAST,approx,,"Global Volcanism Program, Volcanoes of the World, Smithsonian Institution",https://volcano.si.edu/volcano.cfm?vn=284010
gvp-18183,1421-05-14,,Izu-Oshima eruption (VEI 4),nature,ASIA_EAST,exact,,"Global Volcanism Program, Volcanoes of the World, Smithsonian Institution",https://volcano.si.edu/volcano.cfm?vn=284010
gvp-18249,886-06-29,,Niijima eruption (VEI 4),nature,ASIA_EAST,exact,,"Global Volcanism Program, Volcanoes of the World, Smithsonian Institution",https://volcano.si.edu/volcano.cfm?vn=284020
gvp-18256,850,,Miyakejima eruption (VEI 4),nature,ASIA_EAST,approx,,"Global Volcanism Program, Volcanoes of the World, Smithsonian Institution",https://volcano.si.edu/volcano.cfm?vn=284040
gvp-18265,1763-08-17,1769,Miyakejima eruption (VEI 4),nature,ASIA_EAST,exact,,"Global Volcanism Program, Volcanoes of the World, Smithsonian Institution",https://volcano.si.edu/volcano.cfm?vn=284040
gvp-18290,2450 BC,,Hachijojima eruption (VEI 4),nature,ASIA_EAST,approx,500,"Global Volcanism Program, Volcanoes of the World, Smithsonian Institution",https://volcano.si.edu/volcano.cfm?vn=284050
gvp-18291,2050 BC,,Hachijojima eruption (VEI 5),nature,ASIA_EAST,approx,,"Global Volcanism Program, Volcanoes of the World, Smithsonian Institution",https://volcano.si.edu/volcano.cfm?vn=284050
gvp-18305,600 BC,,Aogashima eruption (VEI 4),nature,ASIA_EAST,approx,200,"Global Volcanism Program, Volcanoes of the World, Smithsonian Institution",https://volcano.si.edu/volcano.cfm?vn=284060
gvp-18502,1917-04-09,,Agrigan eruption (VEI 4),nature,ASIA_SOUTH,exact,,"Global Volcanism Program, Volcanoes of the World, Smithsonian Institution",https://volcano.si.edu/volcano.cfm?vn=284160
gvp-18515,1981-05-15,1985-05-01,Pagan eruption (VEI 4),nature,ASIA_SOUTH,exact,,"Global Volcanism Program, Volcanoes of the World, Smithsonian Institution",https://volcano.si.edu/volcano.cfm?vn=284170
gvp-18526,870,,Alamagan eruption (VEI 4),nature,ASIA_SOUTH,approx,100,"Global Volcanism Program, Volcanoes of the World, Smithsonian Institution",https://volcano.si.edu/volcano.cfm?vn=284180
gvp-18555,1741-08-18,1742-05,Oshima-Oshima eruption (VEI 4),nature,ASIA_EAST,exact,,"Global Volcanism Program, Volcanoes of the World, Smithsonian Institution",https://volcano.si.edu/volcano.cfm?vn=285010
gvp-18562,1640-07-31,1640-10-09,Hokkaido-Komagatake eruption (VEI 5),nature,ASIA_EAST,exact,,"Global Volcanism Program, Volcanoes of the World, Smithsonian Institution",https://volcano.si.edu/volcano.cfm?vn=285020
gvp-18563,1694-07-04,1694-07-06,Hokkaido-Komagatake eruption (VEI 4),nature,ASIA_EAST,exact,,"Global Volcanism Program, Volcanoes of the World, Smithsonian Institution",https://volcano.si.edu/volcano.cfm?vn=285020
gvp-18567,1856-09-25,,Hokkaido-Komagatake eruption (VEI 4),nature,ASIA_EAST,exact,,"Global Volcanism Program, Volcanoes of the World, Smithsonian Institution",https://volcano.si.edu/volcano.cfm?vn=285020
gvp-18575,1929-06-17,1929-09-06,Hokkaido-Komagatake eruption (VEI 4),nature,ASIA_EAST,exact,,"Global Volcanism Program, Volcanoes of the World, Smithsonian Institution",https://volcano.si.edu/volcano.cfm?vn=285020
gvp-18594,1663-08-16,1663-09-05,Toya eruption (VEI 5),nature,ASIA_EAST,exact,,"Global Volcanism Program, Volcanoes of the World, Smithsonian Institution",https://volcano.si.edu/volcano.cfm?vn=285030
gvp-18596,1769-01-23,,Toya eruption (VEI 4),nature,ASIA_EAST,exact,,"Global Volcanism Program, Volcanoes of the World, Smithsonian Institution",https://volcano.si.edu/volcano.cfm?vn=285030
gvp-18597,1822-03-12,1822-09-16,Toya eruption (VEI 4),nature,ASIA_EAST,exact,,"Global Volcanism Program, Volcanoes of the World, Smithsonian Institution",https://volcano.si.edu/volcano.cfm?vn=285030
gvp-18598,1853-04-22,1853-09-16,Toya eruption (VEI 4),nature,ASIA_EAST,exact,,"Global Volcanism Program, Volcanoes of the World, Smithsonian Institution",https://volcano.si.edu/volcano.cfm?vn=285030
gvp-18605,550 BC,,Shikotsu eruption (VEI 5),nature,ASIA_EAST,approx,,"Global Volcanism Program, Volcanoes of the World, Smithsonian Institution",https://volcano.si.edu/volcano.cfm?vn=285040
gvp-18610,1667-09-23,1667-09-26,Shikotsu eruption (VEI 5),nature,ASIA_EAST,exact,,"Global Volcanism Program, Volcanoes of the World, Smithsonian Institution",https://volcano.si.edu/volcano.cfm?vn=285040
gvp-18612,1739-08-19,1739-08-31,Shikotsu eruption (VEI 5),nature,ASIA_EAST,exact,,"Global Volcanism Program, Volcanoes of the World, Smithsonian Institution",https://volcano.si.edu/volcano.cfm?vn=285040
gvp-18677,50 BC,,Akan eruption (VEI 4),nature,ASIA_EAST,approx,,"Global Volcanism Program, Volcanoes of the World, Smithsonian Institution",https://volcano.si.edu/volcano.cfm?vn=285070
gvp-18711,2050 BC,,Mashu eruption (VEI 4),nature,ASIA_EAST,approx,40,"Global Volcanism Program, Volcanoes of the World, Smithsonian Institution",https://volcano.si.edu/volcano.cfm?vn=285081
gvp-18712,150,,Mashu eruption (VEI 4),nature,ASIA_EAST,approx,100,"Global Volcanism Program, Volcanoes of the World, Smithsonian Institution",https://volcano.si.edu/volcano.cfm?vn=285081
gvp-18714,1080,,Mashu eruption (VEI 5),nature,ASIA_EAST,approx,100,"Global Volcanism Program, Volcanoes of the World, Smithsonian Institution",https://volcano.si.edu/volcano.cfm?vn=285081
gvp-18717,550,,Rausudake eruption (VEI 4),nature,ASIA_EAST,approx,100,"Global Volcanism Program, Volcanoes of the World, Smithsonian Institution",https://volcano.si.edu/volcano.cfm?vn=285082
gvp-18740,1973-07-14,1973-07-28,Chachadake [Tiatia] eruption (VEI 4),nature,ASIA_EAST,exact,,"Global Volcanism Program, Volcanoes of the World, Smithsonian Institution",https://volcano.si.edu/volcano.cfm?vn=290030
gvp-18778,1712-12-31,,Chirpoi eruption (VEI 4),nature,ASIA_EAST,exact,,"Global Volcanism Program, Volcanoes of the World, Smithsonian Institution",https://volcano.si.edu/volcano.cfm?vn=290150
gvp-18812,1946-11-09,1946-11-19,Sarychev Peak eruption (VEI 4),nature,ASIA_EAST,exact,,"Global Volcanism Program, Volcanoes of the World, Smithsonian Institution",https://volcano.si.edu/volcano.cfm?vn=290240
gvp-18819,2009-06-11,2009-07-16,Sarychev Peak eruption (VEI 4),nature,ASIA_EAST,exact,,"Global Volcanism Program, Volcanoes of the World, Smithsonian Institution",https://volcano.si.edu/volcano.cfm?vn=290240
gvp-18822,1778,,Raikoke eruption (VEI 4),nature,ASIA_EAST,year,,"Global Volcanism Program, Volcanoes of the World, Smithsonian Institution",https://volcano.si.edu/volcano.cfm?vn=290250
gvp-18823,1924-02-14,1924-02-15,Raikoke eruption (VEI 4),nature,ASIA_EAST,exact,,"Global Volcanism Program, Volcanoes of the World, Smithsonian Institution",https://volcano.si.edu/volcano.cfm?vn=290250
gvp-18837,1872-07-02,1878-07-02,Sinarka eruption (VEI 4),nature,ASIA_EAST,exact,,"Global Volcanism Program, Volcanoes of the World, Smithsonian Institution",https://volcano.si.edu/volcano.cfm?vn=290290
gvp-18845,1690,,Chikurachki eruption (VEI 4),nature,ASIA_EAST,approx,10,"Global Volcanism Program, Volcanoes of the World, Smithsonian Institution",https://volcano.si.edu/volcano.cfm?vn=290360
gvp-18854,1986-11-18,1986-12-07,Chikurachki eruption (VEI 4),nature,ASIA_EAST,exact,,"Global Volcanism Program, Volcanoes of the World, Smithsonian Institution",https://volcano.si.edu/volcano.cfm?vn=290360
gvp-18880,1790,1793,Alaid eruption (VEI 4),nature,ASIA_EAST,year,,"Global Volcanism Program, Volcanoes of the World, Smithsonian Institution",https://volcano.si.edu/volcano.cfm?vn=290390
gvp-18887,1981-04-27,1981-06-05,Alaid eruption (VEI 4),nature,ASIA_EAST,exact,,"Global Volcanism Program, Volcanoes of the World, Smithsonian Institution",https://volcano.si.edu/volcano.cfm?vn=290390
gvp-18911,2850 BC,,Iliinsky eruption (VEI 5),nature,ASIA_EAST,approx,,"Global Volcanism Program, Volcanoes of the World, Smithsonian Institution",https://volcano.si.edu/volcano.cfm?vn=300030
gvp-18917,3050 BC,,Zheltovsky eruption (VEI 5),nature,ASIA_EAST,approx,,"Global Volcanism Program, Volcanoes of the World, Smithsonian Institution",https://volcano.si.edu/volcano.cfm?vn=300040
gvp-18921,1050 BC,,Khodutka eruption (VEI 4),nature,ASIA_EAST,approx,,"Global Volcanism Program, Volcanoes of the World, Smithsonian Institution",https://volcano.si.edu/volcano.cfm?vn=300053
gvp-18922,930 BC,,Khodutka eruption (VEI 5),nature,ASIA_EAST,approx,100,"Global Volcanism Program, Volcanoes of the World, Smithsonian Institution",https://volcano.si.edu/volcano.cfm?vn=300053
gvp-18934,3000 BC,,Ksudach eruption (VEI 4),nature,ASIA_EAST,approx,,"Global Volcanism Program, Volcanoes of the World, Smithsonian Institution",https://volcano.si.edu/volcano.cfm?vn=300050
gvp-18936,240,,Ksudach eruption (VEI 6),nature,ASIA_EAST,approx,100,"Global Volcanism Program, Volcanoes of the World, Smithsonian Institution",https://volcano.si.edu/volcano.cfm?vn=300050
gvp-18939,1000,,Ksudach eruption (VEI 4),nature,ASIA_EAST,approx,50,"Global Volcanism Program, Volcanoes of the World, Smithsonian Institution",https://volcano.si.edu/volcano.cfm?vn=300050
gvp-18940,1750,,Ksudach eruption (VEI 4),nature,ASIA_EAST,approx,,"Global Volcanism Program, Volcanoes of the World, Smithsonian Institution",https://volcano.si.edu/volcano.cfm?vn=300050
gvp-18941,1907-03-28,,Ksudach eruption (VEI 5),nature,ASIA_EAST,exact,,"Global Volcanism Program, Volcanoes of the World, Smithsonian Institution",https://volcano.si.edu/volcano.cfm?vn=300050
gvp-19027,2650 BC,,Tolmachev Dol eruption (VEI 4),nature,ASIA_EAST,approx,,"Global Volcanism Program, Volcanoes of the World, Smithsonian Institution",https://volcano.si.edu/volcano.cfm?vn=300082
gvp-19033,610,,Opala eruption (VEI 5),nature,ASIA_EAST,approx,50,"Global Volcanism Program, Volcanoes of the World, Smithsonian Institution",https://volcano.si.edu/volcano.cfm?vn=300080
gvp-19063,3200 BC,,Avachinsky eruption (VEI 5),nature,ASIA_EAST,approx,150,"Global Volcanism Program, Volcanoes of the World, Smithsonian Institution",https://volcano.si.edu/volcano.cfm?vn=300100
gvp-19067,2530 BC,,Avachinsky eruption (VEI 4),nature,ASIA_EAST,approx,300,"Global Volcanism Program, Volcanoes of the World, Smithsonian Institution",https://volcano.si.edu/volcano.cfm?vn=300100
gvp-19072,1500 BC,,Avachinsky eruption (VEI 5),nature,ASIA_EAST,approx,,"Global Volcanism Program, Volcanoes of the World, Smithsonian Institution",https://volcano.si.edu/volcano.cfm?vn=300100
gvp-19073,1350 BC,,Avachinsky eruption (VEI 5),nature,ASIA_EAST,approx,,"Global Volcanism Program, Volcanoes of the World, Smithsonian Institution",https://volcano.si.edu/volcano.cfm?vn=300100
gvp-19086,1827-06-27,1827-06-29,Avachinsky eruption (VEI 4),nature,ASIA_EAST,exact,,"Global Volcanism Program, Volcanoes of the World, Smithsonian Institution",https://volcano.si.edu/volcano.cfm?vn=300100
gvp-19099,1926-03-27,1927-03-14,Avachinsky eruption (VEI 4),nature,ASIA_EAST,exact,,"Global Volcanism Program, Volcanoes of the World, Smithsonian Institution",https://volcano.si.edu/volcano.cfm?vn=300100
gvp-19102,1945-02-25,,Avachinsky eruption (VEI 4),nature,ASIA_EAST,exact,,"Global Volcanism Program, Volcanoes of the World, Smithsonian Institution",https://volcano.si.edu/volcano.cfm?vn=300100
gvp-19120,850 BC,,Zavaritsky eruption (VEI 4),nature,ASIA_EAST,approx,,"Global Volcanism Program, Volcanoes of the World, Smithsonian Institution",https://volcano.si.edu/volcano.cfm?vn=300124
gvp-19141,3200 BC,,Karymsky eruption (VEI 4),nature,ASIA_EAST,approx,,"Global Volcanism Program, Volcanoes of the World, Smithsonian Institution",https://volcano.si.edu/volcano.cfm?vn=300130
gvp-19144,2250 BC,,Karymsky eruption (VEI 4),nature,ASIA_EAST,approx,,"Global Volcanism Program, Volcanoes of the World, Smithsonian Institution",https://volcano.si.edu/volcano.cfm?vn=300130
gvp-19203,1931-03-25,1931-03-27,Klyuchevskoy eruption (VEI 4),nature,ASIA_EAST,exact,,"Global Volcanism Program, Volcanoes of the World, Smithsonian Institution",https://volcano.si.edu/volcano.cfm?vn=300260
gvp-19208,2780 BC,,Kikhpinych eruption (VEI 4),nature,ASIA_EAST,approx,25,"Global Volcanism Program, Volcanoes of the World, Smithsonian Institution",https://volcano.si.edu/volcano.cfm?vn=300180
gvp-19213,1350,,Kikhpinych eruption (VEI 4),nature,ASIA_EAST,approx,,"Global Volcanism Program, Volcanoes of the World, Smithsonian Institution",https://volcano.si.edu/volcano.cfm?vn=300180
gvp-19240,150 BC,,Krasheninnikov eruption (VEI 4),nature,ASIA_EAST,approx,,"Global Volcanism Program, Volcanoes of the World, Smithsonian Institution",https://volcano.si.edu/volcano.cfm?vn=300190
gvp-19279,50,,Tolbachik eruption (VEI 4),nature,ASIA_EAST,approx,,"Global Volcanism Program, Volcanoes of the World, Smithsonian Institution",https://volcano.si.edu/volcano.cfm?vn=300240
gvp-19283,400,,Tolbachik eruption (VEI 4),nature,ASIA_EAST,approx,,"Global Volcanism Program, Volcanoes of the World, Smithsonian Institution",https://volcano.si.edu/volcano.cfm?vn=300240
gvp-19286,900,,Tolbachik eruption (VEI 4),nature,ASIA_EAST,approx,,"Global Volcanism Program, Volcanoes of the World, Smithsonian Institution",https://volcano.si.edu/volcano.cfm?vn=300240
gvp-19287,950,,Tolbachik eruption (VEI 4),nature,ASIA_EAST,approx,,"Global Volcanism Program, Volcanoes of the World, Smithsonian Institution",https://volcano.si.edu/volcano.cfm?vn=300240
gvp-19288,1000,,Tolbachik eruption (VEI 4),nature,ASIA_EAST,approx,,"Global Volcanism Program, Volcanoes of the World, Smithsonian Institution",https://volcano.si.edu/volcano.cfm?vn=300240
gvp-19323,1975-06-28,1976-12-10,Tolbachik eruption (VEI 4),nature,ASIA_EAST,exact,,"Global Volcanism Program, Volcanoes of the World, Smithsonian Institution",https://volcano.si.edu/volcano.cfm?vn=300240
gvp-19329,450 BC,,Bezymianny eruption (VEI 4),nature,ASIA_EAST,approx,,"Global Volcanism Program, Volcanoes of the World, Smithsonian Institution",https://volcano.si.edu/volcano.cfm?vn=300250
gvp-19333,700,,Bezymianny eruption (VEI 4),nature,ASIA_EAST,approx,50,"Global Volcanism Program, Volcanoes of the World, Smithsonian Institution",https://volcano.si.edu/volcano.cfm?vn=300250
gvp-19335,950,,Bezymianny eruption (VEI 4),nature,ASIA_EAST,approx,,"Global Volcanism Program, Volcanoes of the World, Smithsonian Institution",https://volcano.si.edu/volcano.cfm?vn=300250
gvp-19336,1955-10-22,1957-03-01,Bezymianny eruption (VEI 5),nature,ASIA_EAST,exact,,"Global Volcanism Program, Volcanoes of the World, Smithsonian Institution",https://volcano.si.edu/volcano.cfm?vn=300250
gvp-19416,1829-09-09,,Klyuchevskoy eruption (VEI 4),nature,ASIA_EAST,exact,,"Global Volcanism Program, Volcanoes of the World, Smithsonian Institution",https://volcano.si.edu/volcano.cfm?vn=300260
gvp-19468,1986-11-27,1990-09-16,Klyuchevskoy eruption (VEI 4),nature,ASIA_EAST,exact,,"Global Volcanism Program, Volcanoes of the World, Smithsonian Institution",https://volcano.si.edu/volcano.cfm?vn=300260
gvp-19534,3500 BC,,Sheveluch eruption (VEI 5),nature,ASIA_EAST,approx,,"Global Volcanism Program, Volcanoes of the World, Smithsonian Institution",https://volcano.si.edu/volcano.cfm?vn=300270
gvp-19535,780 BC,,Sheveluch eruption (VEI 4),nature,ASIA_EAST,approx,300,"Global Volcanism Program, Volcanoes of the World, Smithsonian Institution",https://volcano.si.edu/volcano.cfm?vn=300270
gvp-19537,500 BC,,Sheveluch eruption (VEI 4),nature,ASIA_EAST,approx,,"Global Volcanism Program, Volcanoes of the World, Smithsonian Institution",https://volcano.si.edu/volcano.cfm?vn=300270
gvp-19539,300 BC,,Sheveluch eruption (VEI 4),nature,ASIA_EAST,approx,,"Global Volcanism Program, Volcanoes of the World, Smithsonian Institution",https://volcano.si.edu/volcano.cfm?vn=300270
gvp-19545,100,,Sheveluch eruption (VEI 4),nature,ASIA_EAST,approx,,"Global Volcanism Program, Volcanoes of the World, Smithsonian Institution",https://volcano.si.edu/volcano.cfm?vn=300270
gvp-19549,250,,Sheveluch eruption (VEI 4),nature,ASIA_EAST,approx,,"Global Volcanism Program, Volcanoes of the World, Smithsonian Institution",https://volcano.si.edu/volcano.cfm?vn=300270
gvp-19551,500,,Sheveluch eruption (VEI 4),nature,ASIA_EAST,approx,,"Global Volcanism Program, Volcanoes of the World, Smithsonian Institution",https://volcano.si.edu/volcano.cfm?vn=300270
gvp-19553,580,,Sheveluch eruption (VEI 4),nature,ASIA_EAST,approx,,"Global Volcanism Program, Volcanoes of the World, Smithsonian Institution",https://volcano.si.edu/volcano.cfm?vn=300270
gvp-19554,600,,Sheveluch eruption (VEI 5),nature,ASIA_EAST,approx,,"Global Volcanism Program, Volcanoes of the World, Smithsonian Institution",https://volcano.si.edu/volcano.cfm?vn=300270
gvp-19556,650,,Sheveluch eruption (VEI 5),nature,ASIA_EAST,approx,40,"Global Volcanism Program, Volcanoes of the World, Smithsonian Institution",https://volcano.si.edu/volcano.cfm?vn=300270
gvp-19559,970,,Sheveluch eruption (VEI 4),nature,ASIA_EAST,contested,80,"Global Volcanism Program, Volcanoes of the World, Smithsonian Institution",https://volcano.si.edu/volcano.cfm?vn=300270
gvp-19561,1034,,Sheveluch eruption (VEI 5),nature,ASIA_EAST,approx,23,"Global Volcanism Program, Volcanoes of the World, Smithsonian Institution",https://volcano.si.edu/volcano.cfm?vn=300270
gvp-19563,1430,,Sheveluch eruption (VEI 4),nature,ASIA_EAST,approx,,"Global Volcanism Program, Volcanoes of the World, Smithsonian Institution",https://volcano.si.edu/volcano.cfm?vn=300270
gvp-19565,1652,,Sheveluch eruption (VEI 5),nature,ASIA_EAST,approx,11,"Global Volcanism Program, Volcanoes of the World, Smithsonian Institution",https://volcano.si.edu/volcano.cfm?vn=300270
gvp-19572,1854-02-18,,Sheveluch eruption (VEI 5),nature,ASIA_EAST,exact,,"Global Volcanism Program, Volcanoes of the World, Smithsonian Institution",https://volcano.si.edu/volcano.cfm?vn=300270
gvp-19579,1964-11-12,,Sheveluch eruption (VEI 4),nature,ASIA_EAST,exact,,"Global Volcanism Program, Volcanoes of the World, Smithsonian Institution",https://volcano.si.edu/volcano.cfm?vn=300270
gvp-19594,1999-08-15,2026-03-25,Sheveluch eruption (VEI 4),nature,ASIA_EAST,exact,,"Global Volcanism Program, Volcanoes of the World, Smithsonian Institution",https://volcano.si.edu/volcano.cfm?vn=300270
gvp-19614,850,,Kinenin eruption (VEI 4),nature,ASIA_EAST,approx,50,"Global Volcanism Program, Volcanoes of the World, Smithsonian Institution",https://volcano.si.edu/volcano.cfm?vn=300551
gvp-19641,2155 BC,,Changbaishan eruption (VEI 4),nature,ASIA_EAST,approx,90,"Global Volcanism Program, Volcanoes of the World, Smithsonian Institution",https://volcano.si.edu/volcano.cfm?vn=305060
gvp-19643,180 BC,,Changbaishan eruption (VEI 4),nature,ASIA_EAST,approx,80,"Global Volcanism Program, Volcanoes of the World, Smithsonian Institution",https://volcano.si.edu/volcano.cfm?vn=305060
gvp-19644,946-11-15,,Changbaishan eruption (VEI 6),nature,ASIA_EAST,exact,,"Global Volcanism Program, Volcanoes of the World, Smithsonian Institution",https://volcano.si.edu/volcano.cfm?vn=305060
gvp-19745,2008-08-07,2008-08-09,Kasatochi eruption (VEI 4),nature,AMERICAS,exact,,"Global Volcanism Program, Volcanoes of the World, Smithsonian Institution",https://volcano.si.edu/volcano.cfm?vn=311130
gvp-19834,100 BC,,Okmok eruption (VEI 6),nature,AMERICAS,approx,50,"Global Volcanism Program, Volcanoes of the World, Smithsonian Institution",https://volcano.si.edu/volcano.cfm?vn=311290
gvp-19852,2008-07-12,2008-08-19,Okmok eruption (VEI 4),nature,AMERICAS,exact,,"Global Volcanism Program, Volcanoes of the World, Smithsonian Institution",https://volcano.si.edu/volcano.cfm?vn=311290
gvp-19937,920,,Katla eruption (VEI 4),nature,EUROPE,approx,,"Global Volcanism Program, Volcanoes of the World, Smithsonian Institution",https://volcano.si.edu/volcano.cfm?vn=372030
gvp-19938,934,940,Katla eruption (VEI 4),nature,EUROPE,approx,2,"Global Volcanism Program, Volcanoes of the World, Smithsonian Institution",https://volcano.si.edu/volcano.cfm?vn=372030
gvp-19944,1210,,Katla eruption (VEI 4),nature,EUROPE,approx,,"Global Volcanism Program, Volcanoes of the World, Smithsonian Institution",https://volcano.si.edu/volcano.cfm?vn=372030
gvp-19945,1245,,Katla eruption (VEI 4),nature,EUROPE,approx,,"Global Volcanism Program, Volcanoes of the World, Smithsonian Institution",https://volcano.si.edu/volcano.cfm?vn=372030
gvp-19946,1262,,Katla eruption (VEI 5),nature,EUROPE,approx,,"Global Volcanism Program, Volcanoes of the World, Smithsonian Institution",https://volcano.si.edu/volcano.cfm?vn=372030
gvp-19948,1357,,Katla eruption (VEI 4),nature,EUROPE,approx,3,"Global Volcanism Program, Volcanoes of the World, Smithsonian Institution",https://volcano.si.edu/volcano.cfm?vn=372030
gvp-19949,1416,,Katla eruption (VEI 4),nature,EUROPE,approx,,"Global Volcanism Program, Volcanoes of the World, Smithsonian Institution",https://volcano.si.edu/volcano.cfm?vn=372030
gvp-19950,1440,,Katla eruption (VEI 4),nature,EUROPE,approx,,"Global Volcanism Program, Volcanoes of the World, Smithsonian Institution",https://volcano.si.edu/volcano.cfm?vn=372030
gvp-19975,207 BC,,Hudson Mountains eruption (VEI 4),nature,AMERICAS,approx,240,"Global Volcanism Program, Volcanoes of the World, Smithsonian Institution",https://volcano.si.edu/volcano.cfm?vn=390028
gvp-19995,340,,Akutan eruption (VEI 5),nature,AMERICAS,approx,,"Global Volcanism Program, Volcanoes of the World, Smithsonian Institution",https://volcano.si.edu/volcano.cfm?vn=311320
gvp-20039,1795,,Westdahl eruption (VEI 4),nature,AMERICAS,year,,"Global Volcanism Program, Volcanoes of the World, Smithsonian Institution",https://volcano.si.edu/volcano.cfm?vn=311340
gvp-20048,3170 BC,,Fisher eruption (VEI 5),nature,AMERICAS,approx,75,"Global Volcanism Program, Volcanoes of the World, Smithsonian Institution",https://volcano.si.edu/volcano.cfm?vn=311350
gvp-20111,1762,1786,Pavlof eruption (VEI 4),nature,AMERICAS,year,,"Global Volcanism Program, Volcanoes of the World, Smithsonian Institution",https://volcano.si.edu/volcano.cfm?vn=312030
gvp-20154,1890 BC,,Dana eruption (VEI 5),nature,AMERICAS,approx,,"Global Volcanism Program, Volcanoes of the World, Smithsonian Institution",https://volcano.si.edu/volcano.cfm?vn=312050
gvp-20156,1750 BC,,Veniaminof eruption (VEI 6),nature,AMERICAS,approx,,"Global Volcanism Program, Volcanoes of the World, Smithsonian Institution",https://volcano.si.edu/volcano.cfm?vn=312070
gvp-20179,1900 BC,,Black Peak eruption (VEI 6),nature,AMERICAS,approx,150,"Global Volcanism Program, Volcanoes of the World, Smithsonian Institution",https://volcano.si.edu/volcano.cfm?vn=312080
gvp-20182,1645 BC,,Aniakchak eruption (VEI 6),nature,AMERICAS,approx,10,"Global Volcanism Program, Volcanoes of the World, Smithsonian Institution",https://volcano.si.edu/volcano.cfm?vn=312090
gvp-20191,1540,,Aniakchak eruption (VEI 4),nature,AMERICAS,approx,100,"Global Volcanism Program, Volcanoes of the World, Smithsonian Institution",https://volcano.si.edu/volcano.cfm?vn=312090
gvp-20192,1931-05-01,1931-06-13,Aniakchak eruption (VEI 4),nature,AMERICAS,exact,,"Global Volcanism Program, Volcanoes of the World, Smithsonian Institution",https://volcano.si.edu/volcano.cfm?vn=312090
gvp-20195,800 BC,,Yantarni eruption (VEI 5),nature,AMERICAS,approx,500,"Global Volcanism Program, Volcanoes of the World, Smithsonian Institution",https://volcano.si.edu/volcano.cfm?vn=312100
gvp-20243,1912-06-06,1912-10-16,Novarupta eruption (VEI 6),nature,AMERICAS,exact,,"Global Volcanism Program, Volcanoes of the World, Smithsonian Institution",https://volcano.si.edu/volcano.cfm?vn=312180
gvp-20262,1986-03-27,1986-08-31,Augustine eruption (VEI 4),nature,AMERICAS,exact,,"Global Volcanism Program, Volcanoes of the World, Smithsonian Institution",https://volcano.si.edu/volcano.cfm?vn=313010
gvp-20263,1540,,Augustine eruption (VEI 4),nature,AMERICAS,approx,100,"Global Volcanism Program, Volcanoes of the World, Smithsonian Institution",https://volcano.si.edu/volcano.cfm?vn=313010
gvp-20266,1883-10-06,1884-07-02,Augustine eruption (VEI 4),nature,AMERICAS,exact,,"Global Volcanism Program, Volcanoes of the World, Smithsonian Institution",https://volcano.si.edu/volcano.cfm?vn=313010
gvp-20272,1976-01-22,1977-05-14,Augustine eruption (VEI 4),nature,AMERICAS,exact,,"Global Volcanism Program, Volcanoes of the World, Smithsonian Institution",https://volcano.si.edu/volcano.cfm?vn=313010
gvp-20275,2050 BC,,Iliamna eruption (VEI 4),nature,AMERICAS,approx,,"Global Volcanism Program, Volcanoes of the World, Smithsonian Institution",https://volcano.si.edu/volcano.cfm?vn=313020
gvp-20397,1953-07-09,1953-07-16,Spurr eruption (VEI 4),nature,AMERICAS,exact,,"Global Volcanism Program, Volcanoes of the World, Smithsonian Institution",https://volcano.si.edu/volcano.cfm?vn=313040
gvp-20399,1992-06-27,1992-09-17,Spurr eruption (VEI 4),nature,AMERICAS,exact,,"Global Volcanism Program, Volcanoes of the World, Smithsonian Institution",https://volcano.si.edu/volcano.cfm?vn=313040
gvp-20401,1550 BC,,Hayes eruption (VEI 5),nature,AMERICAS,approx,,"Global Volcanism Program, Volcanoes of the World, Smithsonian Institution",https://volcano.si.edu/volcano.cfm?vn=313050
gvp-20407,190,,Wrangell eruption (VEI 4),nature,AMERICAS,approx,200,"Global Volcanism Program, Volcanoes of the World, Smithsonian Institution",https://volcano.si.edu/volcano.cfm?vn=315020
gvp-20421,63,,Churchill eruption (VEI 6),nature,AMERICAS,approx,200,"Global Volcanism Program, Volcanoes of the World, Smithsonian Institution",https://volcano.si.edu/volcano.cfm?vn=315030
gvp-20422,847,,Churchill eruption (VEI 6),nature,AMERICAS,approx,1,"Global Volcanism Program, Volcanoes of the World, Smithsonian Institution",https://volcano.si.edu/volcano.cfm?vn=315030
gvp-20445,410 BC,,Meager eruption (VEI 5),nature,AMERICAS,approx,200,"Global Volcanism Program, Volcanoes of the World, Smithsonian Institution",https://volcano.si.edu/volcano.cfm?vn=320180
gvp-20471,200,,Glacier Peak eruption (VEI 4),nature,AMERICAS,approx,50,"Global Volcanism Program, Volcanoes of the World, Smithsonian Institution",https://volcano.si.edu/volcano.cfm?vn=321020
gvp-20490,250 BC,,Rainier eruption (VEI 4),nature,AMERICAS,approx,200,"Global Volcanism Program, Volcanoes of the World, Smithsonian Institution",https://volcano.si.edu/volcano.cfm?vn=321030
gvp-20518,2340 BC,,St. Helens eruption (VEI 5),nature,AMERICAS,approx,,"Global Volcanism Program, Volcanoes of the World, Smithsonian Institution",https://volcano.si.edu/volcano.cfm?vn=321050
gvp-20520,1860 BC,,St. Helens eruption (VEI 6),nature,AMERICAS,approx,,"Global Volcanism Program, Volcanoes of the World, Smithsonian Institution",https://volcano.si.edu/volcano.cfm?vn=321050
gvp-20521,1770 BC,,St. Helens eruption (VEI 5),nature,AMERICAS,approx,100,"Global Volcanism Program, Volcanoes of the World, Smithsonian Institution",https://volcano.si.edu/volcano.cfm?vn=321050
gvp-20529,530 BC,,St. Helens eruption (VEI 5),nature,AMERICAS,approx,,"Global Volcanism Program, Volcanoes of the World, Smithsonian Institution",https://volcano.si.edu/volcano.cfm?vn=321050
gvp-20540,1480-01-15,,St. Helens eruption (VEI 5),nature,AMERICAS,exact,,"Global Volcanism Program, Volcanoes of the World, Smithsonian Institution",https://volcano.si.edu/volcano.cfm?vn=321050
gvp-20541,1482-01-15,,St. Helens eruption (VEI 5),nature,AMERICAS,exact,,"Global Volcanism Program, Volcanoes of the World, Smithsonian Institution",https://volcano.si.edu/volcano.cfm?vn=321050
gvp-20544,1800-01-15,,St. Helens eruption (VEI 5),nature,AMERICAS,exact,,"Global Volcanism Program, Volcanoes of the World, Smithsonian Institution",https://volcano.si.edu/volcano.cfm?vn=321050
gvp-20557,1980-03-27,1986-10-28,St. Helens eruption (VEI 5),nature,AMERICAS,exact,,"Global Volcanism Program, Volcanoes of the World, Smithsonian Institution",https://volcano.si.edu/volcano.cfm?vn=321050
gvp-20593,350 BC,,Three Sisters eruption (VEI 4),nature,AMERICAS,approx,,"Global Volcanism Program, Volcanoes of the World, Smithsonian Institution",https://volcano.si.edu/volcano.cfm?vn=322070
gvp-20607,490,,Newberry eruption (VEI 4),nature,AMERICAS,approx,100,"Global Volcanism Program, Volcanoes of the World, Smithsonian Institution",https://volcano.si.edu/volcano.cfm?vn=322110
gvp-20608,690,,Newberry eruption (VEI 4),nature,AMERICAS,approx,100,"Global Volcanism Program, Volcanoes of the World, Smithsonian Institution",https://volcano.si.edu/volcano.cfm?vn=322110
gvp-20670,620,,Mono-Inyo Craters eruption (VEI 4),nature,AMERICAS,approx,27,"Global Volcanism Program, Volcanoes of the World, Smithsonian Institution",https://volcano.si.edu/volcano.cfm?vn=323120
gvp-20673,1350,,Mono-Inyo Craters eruption (VEI 4),nature,AMERICAS,approx,20,"Global Volcanism Program, Volcanoes of the World, Smithsonian Institution",https://volcano.si.edu/volcano.cfm?vn=323120
gvp-20704,1075,,San Francisco Volcanic Field eruption (VEI 4),nature,AMERICAS,approx,25,"Global Volcanism Program, Volcanoes of the World, Smithsonian Institution",https://volcano.si.edu/volcano.cfm?vn=329020
gvp-20767,2011-05-21,2011-05-25,Grimsvotn eruption (VEI 4),nature,EUROPE,exact,,"Global Volcanism Program, Volcanoes of the World, Smithsonian Institution",https://volcano.si.edu/volcano.cfm?vn=373010
gvp-20800,2011-06-13,2012-06-03,Nabro eruption (VEI 4),nature,MIDDLE_EAST,exact,,"Global Volcanism Program, Volcanoes of the World, Smithsonian Institution",https://volcano.si.edu/volcano.cfm?vn=221101
gvp-20809,2011-06-04,2012-04-21,Puyehue-Cordon Caulle eruption (VEI 5),nature,AMERICAS,exact,,"Global Volcanism Program, Volcanoes of the World, Smithsonian Institution",https://volcano.si.edu/volcano.cfm?vn=357150
gvp-20818,2013-09-15,2018-06-22,Sinabung eruption (VEI 4),nature,ASIA_SOUTH,exact,,"Global Volcanism Program, Volcanoes of the World, Smithsonian Institution",https://volcano.si.edu/volcano.cfm?vn=261080
gvp-20843,1257-07-01,,Rinjani eruption (VEI 7),nature,ASIA_SOUTH,exact,,"Global Volcanism Program, Volcanoes of the World, Smithsonian Institution",https://volcano.si.edu/volcano.cfm?vn=264030
gvp-20850,590 BC,,Apagado eruption (VEI 4),nature,AMERICAS,approx,175,"Global Volcanism Program, Volcanoes of the World, Smithsonian Institution",https://volcano.si.edu/volcano.cfm?vn=358024
gvp-20852,1640,,Chaiten eruption (VEI 4),nature,AMERICAS,approx,18,"Global Volcanism Program, Volcanoes of the World, Smithsonian Institution",https://volcano.si.edu/volcano.cfm?vn=358041
gvp-20853,3100 BC,,Chaiten eruption (VEI 5),nature,AMERICAS,approx,220,"Global Volcanism Program, Volcanoes of the World, Smithsonian Institution",https://volcano.si.edu/volcano.cfm?vn=358041
gvp-20857,1550,,Michinmahuida eruption (VEI 4),nature,AMERICAS,approx,100,"Global Volcanism Program, Volcanoes of the World, Smithsonian Institution",https://volcano.si.edu/volcano.cfm?vn=358040
gvp-20875,160,,Calbuco eruption (VEI 4),nature,AMERICAS,approx,135,"Global Volcanism Program, Volcanoes of the World, Smithsonian Institution",https://volcano.si.edu/volcano.cfm?vn=358020
gvp-20876,710,,Calbuco eruption (VEI 4),nature,AMERICAS,approx,60,"Global Volcanism Program, Volcanoes of the World, Smithsonian Institution",https://volcano.si.edu/volcano.cfm?vn=358020
gvp-20888,1500 BC,,Chikurachki eruption (VEI 4),nature,ASIA_EAST,approx,250,"Global Volcanism Program, Volcanoes of the World, Smithsonian Institution",https://volcano.si.edu/volcano.cfm?vn=290360
gvp-20890,1950 BC,,Chikurachki eruption (VEI 4),nature,ASIA_EAST,approx,,"Global Volcanism Program, Volcanoes of the World, Smithsonian Institution",https://volcano.si.edu/volcano.cfm?vn=290360
gvp-20904,2300 BC,,"Blanco, Cerro eruption (VEI 7)",nature,AMERICAS,approx,160,"Global Volcanism Program, Volcanoes of the World, Smithsonian Institution",https://volcano.si.edu/volcano.cfm?vn=355210
gvp-20934,2014-02-13,2014-02-15,Kelud eruption (VEI 4),nature,ASIA_SOUTH,exact,,"Global Volcanism Program, Volcanoes of the World, Smithsonian Institution",https://volcano.si.edu/volcano.cfm?vn=263280
gvp-20956,2014-06-29,2017-09-02,Manam eruption (VEI 4),nature,ASIA_SOUTH,exact,,"Global Volcanism Program, Volcanoes of the World, Smithsonian Institution",https://volcano.si.edu/volcano.cfm?vn=251020
gvp-21075,2015-05-25,2015-07-16,Wolf eruption (VEI 4),nature,AMERICAS,exact,,"Global Volcanism Program, Volcanoes of the World, Smithsonian Institution",https://volcano.si.edu/volcano.cfm?vn=353020
gvp-21076,2015-04-22,2015-05-26,Calbuco eruption (VEI 4),nature,AMERICAS,exact,,"Global Volcanism Program, Volcanoes of the World, Smithsonian Institution",https://volcano.si.edu/volcano.cfm?vn=358020
gvp-21091,1230 BC,,Villarrica eruption (VEI 4),nature,AMERICAS,approx,40,"Global Volcanism Program, Volcanoes of the World, Smithsonian Institution",https://volcano.si.edu/volcano.cfm?vn=357120
gvp-22201,1380,,Mono-Inyo Craters eruption (VEI 4),nature,AMERICAS,approx,50,"Global Volcanism Program, Volcanoes of the World, Smithsonian Institution",https://volcano.si.edu/volcano.cfm?vn=323120
gvp-22204,950 BC,,Sand Mountain Field eruption (VEI 4),nature,AMERICAS,approx,200,"Global Volcanism Program, Volcanoes of the World, Smithsonian Institution",https://volcano.si.edu/volcano.cfm?vn=322040
gvp-22221,2014-04-01,2017-01-09,Semeru eruption (VEI 4),nature,ASIA_SOUTH,exact,,"Global Volcanism Program, Volcanoes of the World, Smithsonian Institution",https://volcano.si.edu/volcano.cfm?vn=263300
gvp-22316,2019-05-07,2019-06-09,Sinabung eruption (VEI 4),nature,ASIA_SOUTH,exact,,"Global Volcanism Program, Volcanoes of the World, Smithsonian Institution",https://volcano.si.edu/volcano.cfm?vn=261080
gvp-22319,2019-06-26,2019-10-05,Ulawun eruption (VEI 4),nature,OCEANIA,exact,,"Global Volcanism Program, Volcanoes of the World, Smithsonian Institution",https://volcano.si.edu/volcano.cfm?vn=252120
gvp-22344,2020-01-12,2020-01-22,Taal eruption (VEI 4),nature,ASIA_SOUTH,exact,,"Global Volcanism Program, Volcanoes of the World, Smithsonian Institution",https://volcano.si.edu/volcano.cfm?vn=273070
gvp-22350,35,,Quetrupillan eruption (VEI 4),nature,AMERICAS,approx,35,"Global Volcanism Program, Volcanoes of the World, Smithsonian Institution",https://volcano.si.edu/volcano.cfm?vn=357121
gvp-22385,2020-12-27,2021-04-22,Soufriere St. Vincent eruption (VEI 4),nature,AMERICAS,exact,,"Global Volcanism Program, Volcanoes of the World, Smithsonian Institution",https://volcano.si.edu/volcano.cfm?vn=360150
gvp-22408,2021-08-13,2021-09-12,Fukutoku-Oka-no-Ba eruption (VEI 4),nature,ASIA_EAST,exact,,"Global Volcanism Program, Volcanoes of the World, Smithsonian Institution",https://volcano.si.edu/volcano.cfm?vn=284130
gvp-22429,2021-12-20,2022-01-15,Hunga Tonga-Hunga Ha'apai eruption (VEI 5),nature,AMERICAS,exact,,"Global Volcanism Program, Volcanoes of the World, Smithsonian Institution",https://volcano.si.edu/volcano.cfm?vn=243040
gvp-22513,2017-06-06,2018-10-31,Semeru eruption (VEI 4),nature,ASIA_SOUTH,exact,,"Global Volcanism Program, Volcanoes of the World, Smithsonian Institution",https://volcano.si.edu/volcano.cfm?vn=263300
gvp-22524,396 BC,,Corbetti eruption (VEI 5),nature,AFRICA,approx,38,"Global Volcanism Program, Volcanoes of the World, Smithsonian Institution",https://volcano.si.edu/volcano.cfm?vn=221290
gvp-22556,2023-12-23,2025-10-18,Lewotobi eruption (VEI 4),nature,ASIA_SOUTH,exact,,"Global Volcanism Program, Volcanoes of the World, Smithsonian Institution",https://volcano.si.edu/volcano.cfm?vn=264180
gvp-22562,2024-04-16,2024-05-07,Ruang eruption (VEI 4),nature,ASIA_SOUTH,exact,,"Global Volcanism Program, Volcanoes of the World, Smithsonian Institution",https://volcano.si.edu/volcano.cfm?vn=267010
gvp-22578,2018-06-10,2026-03-16,Manam eruption (VEI 4),nature,ASIA_SOUTH,exact,,"Global Volcanism Program, Volcanoes of the World, Smithsonian Institution",https://volcano.si.edu/volcano.cfm?vn=251020
gvp-22616,2019-02-24,2026-03-25,Semeru eruption (VEI 4),nature,ASIA_SOUTH,exact,,"Global Volcanism Program, Volcanoes of the World, Smithsonian Institution",https://volcano.si.edu/volcano.cfm?vn=263300
gvp-22631,2025-11-23,,Hayli Gubbi eruption (VEI 4),nature,MIDDLE_EAST,exact,,"Global Volcanism Program, Volcanoes of the World, Smithsonian Institution",https://volcano.si.edu/volcano.cfm?vn=221091
